t_s,ax_mps2,ay_mps2,gz_radps
0.000000,0.493297,-0.008043,-0.001113
0.001000,0.532654,-0.005935,-0.014974
0.002000,0.515458,-0.012436,-0.002170
0.003000,0.505391,0.010806,0.011636
0.004000,0.530545,0.005140,-0.007383
0.005000,0.452801,0.011459,0.013111
0.006000,0.501938,-0.004946,0.005318
0.007000,0.432385,-0.014526,0.004904
0.008000,0.540628,-0.011193,0.003766
0.009000,0.511546,0.036392,-0.011132
0.010000,0.526433,-0.070451,-0.026199
0.011000,0.471769,-0.042601,0.008760
0.012000,0.530900,-0.056708,0.008474
0.013000,0.453381,-0.004012,-0.002939
0.014000,0.505322,0.038081,0.006384
0.015000,0.516276,0.030234,0.004785
0.016000,0.470835,-0.033370,-0.004700
0.017000,0.523227,-0.011635,0.023358
0.018000,0.461889,-0.051116,0.007685
0.019000,0.566140,0.023523,0.008358
0.020000,0.566349,-0.004374,-0.014230
0.021000,0.475249,0.044326,-0.014437
0.022000,0.501560,0.011780,-0.003156
0.023000,0.533661,0.027016,0.023214
0.024000,0.528839,-0.028348,-0.005618
0.025000,0.461317,0.044297,-0.005668
0.026000,0.496732,0.034855,-0.007235
0.027000,0.486340,-0.085651,-0.010825
0.028000,0.473591,0.019340,0.011935
0.029000,0.499141,0.012158,0.001680
0.030000,0.550459,0.041556,0.002737
0.031000,0.452974,0.042023,0.003810
0.032000,0.557074,-0.001391,0.019531
0.033000,0.483306,0.074104,0.001151
0.034000,0.475985,-0.052492,-0.001510
0.035000,0.566209,0.037975,0.006889
0.036000,0.389481,0.033072,0.005559
0.037000,0.474419,-0.029184,-0.000023
0.038000,0.580236,-0.049080,-0.004278
0.039000,0.563346,-0.020754,-0.003643
0.040000,0.504548,-0.057741,0.002199
0.041000,0.443732,0.041177,0.000032
0.042000,0.606218,0.013064,0.013657
0.043000,0.439376,-0.005682,0.003231
0.044000,0.581206,-0.078191,0.009906
0.045000,0.527508,0.071336,0.007124
0.046000,0.502422,-0.024266,-0.012482
0.047000,0.509090,-0.008917,0.020203
0.048000,0.471577,0.014904,-0.015690
0.049000,0.481604,0.012148,0.008240
0.050000,0.567361,-0.002054,-0.011172
0.051000,0.521298,0.024049,0.004917
0.052000,0.467425,0.052722,0.000879
0.053000,0.532554,0.059266,0.006093
0.054000,0.513328,0.100142,0.002437
0.055000,0.486233,0.005208,0.014828
0.056000,0.505522,0.024160,0.011957
0.057000,0.476143,-0.080315,0.002994
0.058000,0.510687,-0.028283,0.008711
0.059000,0.528262,-0.046284,0.005182
0.060000,0.490878,-0.068986,0.004530
0.061000,0.497897,-0.034668,0.005229
0.062000,0.522705,-0.026865,0.004004
0.063000,0.547218,-0.033151,0.003809
0.064000,0.500128,0.105408,-0.018623
0.065000,0.532343,-0.014246,-0.001002
0.066000,0.588456,-0.000399,0.022409
0.067000,0.479433,0.016305,-0.004908
0.068000,0.467871,0.002907,-0.002826
0.069000,0.509419,-0.097920,0.020025
0.070000,0.492232,0.081075,-0.010071
0.071000,0.513608,0.147224,-0.008697
0.072000,0.430443,-0.025422,0.004725
0.073000,0.532252,0.060024,-0.002570
0.074000,0.425468,-0.020236,0.012402
0.075000,0.521661,-0.091031,-0.000351
0.076000,0.565039,0.098921,0.005617
0.077000,0.514388,-0.057691,-0.008432
0.078000,0.502182,0.023407,0.005802
0.079000,0.477755,-0.053585,-0.007778
0.080000,0.446181,0.029929,-0.023123
0.081000,0.484497,0.020927,0.015220
0.082000,0.503317,0.046577,-0.003990
0.083000,0.465373,-0.031371,0.015273
0.084000,0.546248,0.022672,0.033303
0.085000,0.498496,0.028857,0.003076
0.086000,0.489679,0.107741,0.015066
0.087000,0.434900,-0.018600,0.004283
0.088000,0.536431,-0.062726,-0.022556
0.089000,0.411321,-0.003308,-0.001032
0.090000,0.516059,-0.035803,-0.012242
0.091000,0.405894,0.015313,0.003701
0.092000,0.546191,0.036785,-0.001907
0.093000,0.562764,-0.006343,-0.006608
0.094000,0.475784,-0.027204,-0.021657
0.095000,0.507272,0.011624,-0.003623
0.096000,0.466794,0.017295,0.017169
0.097000,0.501780,-0.023614,-0.005914
0.098000,0.496755,-0.058833,-0.001253
0.099000,0.502846,0.085809,0.009435
0.100000,0.548100,-0.033164,0.006699
0.101000,0.446999,0.014511,0.004187
0.102000,0.464349,0.093005,0.005674
0.103000,0.411491,0.025717,-0.004074
0.104000,0.500064,0.021666,0.003905
0.105000,0.405145,-0.053882,0.007726
0.106000,0.560528,0.088529,0.018032
0.107000,0.404383,0.035794,-0.019163
0.108000,0.575060,0.011785,-0.011412
0.109000,0.593495,0.029956,-0.018911
0.110000,0.513651,-0.034010,0.001113
0.111000,0.478361,0.063891,-0.014233
0.112000,0.514765,0.084391,-0.008270
0.113000,0.509799,0.009397,-0.006897
0.114000,0.530138,0.004514,-0.009438
0.115000,0.581964,0.036824,-0.001671
0.116000,0.470384,-0.036486,0.012309
0.117000,0.493186,0.021372,-0.001845
0.118000,0.528674,-0.005395,0.007639
0.119000,0.491478,0.038590,0.006724
0.120000,0.494576,-0.039994,-0.009401
0.121000,0.465543,-0.045795,0.008658
0.122000,0.497832,0.073036,0.022793
0.123000,0.501127,-0.072009,-0.003815
0.124000,0.496495,-0.069238,-0.002505
0.125000,0.513348,-0.021371,-0.007684
0.126000,0.464705,0.083111,-0.001596
0.127000,0.461394,-0.017346,0.009543
0.128000,0.468150,0.022414,0.007279
0.129000,0.534847,0.065110,-0.005505
0.130000,0.552691,-0.036881,-0.003965
0.131000,0.555638,0.038254,0.000021
0.132000,0.444579,0.026127,-0.006304
0.133000,0.457024,-0.030149,0.002465
0.134000,0.401336,0.016782,0.001739
0.135000,0.472810,0.048235,0.006114
0.136000,0.471797,-0.031167,0.006952
0.137000,0.429477,-0.015473,-0.006310
0.138000,0.503250,0.009821,0.000368
0.139000,0.552790,0.010609,-0.003150
0.140000,0.443675,0.033578,0.005281
0.141000,0.567487,-0.034769,0.000264
0.142000,0.497270,-0.004075,0.000104
0.143000,0.420245,0.038376,0.006532
0.144000,0.552586,0.104644,-0.003190
0.145000,0.498319,0.000455,0.019422
0.146000,0.419469,0.022596,-0.014708
0.147000,0.379913,-0.094003,-0.013818
0.148000,0.549728,-0.040394,-0.002275
0.149000,0.445877,0.028420,-0.011020
0.150000,0.561293,-0.046196,-0.007648
0.151000,0.505710,0.001149,0.014247
0.152000,0.505601,-0.056185,-0.005603
0.153000,0.473356,0.033727,0.003838
0.154000,0.494446,0.040452,-0.005285
0.155000,0.493663,0.008408,0.015282
0.156000,0.495417,-0.016318,-0.010458
0.157000,0.531913,-0.027336,0.003437
0.158000,0.411543,0.048526,-0.013319
0.159000,0.463840,0.049242,-0.013345
0.160000,0.496304,0.003454,-0.009986
0.161000,0.562469,0.069719,-0.019716
0.162000,0.432597,0.037597,-0.013030
0.163000,0.481922,0.006026,0.006919
0.164000,0.489615,0.004429,-0.007767
0.165000,0.560117,-0.023041,0.003397
0.166000,0.476200,0.004946,-0.001682
0.167000,0.492443,-0.047158,0.007964
0.168000,0.565777,0.011311,0.007323
0.169000,0.538984,0.043167,0.003034
0.170000,0.509874,0.040191,0.000688
0.171000,0.454696,0.001109,-0.018884
0.172000,0.499726,0.019229,0.012360
0.173000,0.507037,0.043174,-0.000005
0.174000,0.452391,-0.065653,-0.009697
0.175000,0.436451,0.029478,-0.002076
0.176000,0.526529,0.003416,0.010440
0.177000,0.549317,-0.030019,-0.002743
0.178000,0.475214,-0.075419,0.006752
0.179000,0.555299,-0.000299,-0.004932
0.180000,0.550746,-0.109081,0.001775
0.181000,0.506665,-0.026555,0.013916
0.182000,0.545156,-0.012148,-0.000867
0.183000,0.481950,-0.023822,-0.013082
0.184000,0.564191,0.047820,0.007982
0.185000,0.449095,0.096795,0.019802
0.186000,0.508748,-0.042062,-0.008664
0.187000,0.519470,-0.042471,-0.000342
0.188000,0.550641,-0.070093,0.020057
0.189000,0.572879,-0.057546,-0.014136
0.190000,0.486816,-0.047966,-0.002637
0.191000,0.379931,-0.010639,0.018029
0.192000,0.448059,-0.012702,-0.014896
0.193000,0.529689,-0.010481,0.019407
0.194000,0.509622,-0.017313,0.005503
0.195000,0.476452,-0.062301,0.003019
0.196000,0.491866,0.007736,0.003755
0.197000,0.476261,0.019610,0.017377
0.198000,0.448468,0.080820,-0.002428
0.199000,0.464339,0.112907,0.001550
0.200000,0.563747,0.038032,-0.016806
0.201000,0.505620,-0.024436,-0.013418
0.202000,0.417585,0.004758,0.005903
0.203000,0.518173,-0.014226,-0.007985
0.204000,0.454094,-0.025824,-0.010331
0.205000,0.490544,-0.001065,-0.008960
0.206000,0.489206,-0.035368,-0.000045
0.207000,0.523588,0.008286,0.004722
0.208000,0.423153,-0.017616,0.002767
0.209000,0.529825,-0.074334,0.001592
0.210000,0.556119,-0.008308,-0.000948
0.211000,0.520954,0.011495,0.006746
0.212000,0.503368,0.007094,-0.007824
0.213000,0.492072,0.058292,-0.002042
0.214000,0.492159,-0.022863,0.007872
0.215000,0.460243,0.042354,-0.009370
0.216000,0.450795,0.009580,0.001302
0.217000,0.513841,0.049426,-0.004125
0.218000,0.520607,-0.042322,0.012592
0.219000,0.529420,0.024957,0.001879
0.220000,0.463456,-0.015228,0.005018
0.221000,0.499108,0.005756,-0.013598
0.222000,0.508424,-0.032186,-0.010833
0.223000,0.492804,-0.086359,0.006986
0.224000,0.539633,-0.002486,-0.009938
0.225000,0.456024,-0.007030,-0.024237
0.226000,0.508395,0.030907,-0.003119
0.227000,0.477002,0.008465,0.003506
0.228000,0.550897,0.000856,-0.006898
0.229000,0.478543,0.008464,0.015562
0.230000,0.485102,-0.048960,-0.008701
0.231000,0.402485,0.015341,-0.013613
0.232000,0.442621,-0.091918,-0.011180
0.233000,0.526441,-0.061000,-0.017496
0.234000,0.508292,-0.015870,0.004322
0.235000,0.534449,-0.000395,-0.012978
0.236000,0.494241,0.023271,-0.005830
0.237000,0.433134,0.051290,-0.004152
0.238000,0.480964,0.000743,0.010305
0.239000,0.512263,-0.015501,0.006821
0.240000,0.599873,0.064556,0.006729
0.241000,0.447795,0.174535,-0.011987
0.242000,0.482705,-0.032557,0.016269
0.243000,0.519548,-0.066386,0.002676
0.244000,0.525440,-0.014815,-0.012202
0.245000,0.466274,-0.020321,0.000227
0.246000,0.475815,0.034200,-0.009499
0.247000,0.419461,-0.034394,0.013489
0.248000,0.473338,0.108887,0.004915
0.249000,0.445834,-0.038809,0.002434
0.250000,0.445220,0.110458,-0.009909
0.251000,0.531675,0.067921,-0.001092
0.252000,0.453676,-0.012702,0.003622
0.253000,0.540737,0.002638,-0.014002
0.254000,0.501969,-0.031323,-0.021832
0.255000,0.467552,-0.066633,0.005869
0.256000,0.590437,0.086464,-0.005732
0.257000,0.478258,0.032040,0.010613
0.258000,0.480522,-0.006635,0.022069
0.259000,0.495002,-0.022576,0.001199
0.260000,0.526966,-0.047524,-0.002484
0.261000,0.445744,-0.012944,0.018769
0.262000,0.534503,-0.004305,-0.009331
0.263000,0.485514,0.048877,-0.005617
0.264000,0.567469,-0.063897,-0.002900
0.265000,0.581068,-0.093399,0.011884
0.266000,0.413879,-0.004190,-0.001725
0.267000,0.538344,-0.146740,-0.019178
0.268000,0.473671,0.001716,-0.008932
0.269000,0.489726,-0.055177,-0.004013
0.270000,0.460611,0.011351,0.005814
0.271000,0.566656,-0.030535,-0.003180
0.272000,0.502221,-0.013719,-0.000520
0.273000,0.427332,0.017293,-0.009152
0.274000,0.455485,-0.073875,0.011610
0.275000,0.493459,0.053471,0.002723
0.276000,0.420765,-0.050410,0.007579
0.277000,0.464383,-0.050720,-0.001794
0.278000,0.491768,-0.047069,-0.003261
0.279000,0.477742,-0.120479,0.005027
0.280000,0.462257,0.060679,-0.011501
0.281000,0.426522,0.055245,-0.015851
0.282000,0.470407,0.027786,-0.003296
0.283000,0.422992,0.008747,-0.001943
0.284000,0.559721,0.027382,0.030357
0.285000,0.423438,-0.001008,-0.010667
0.286000,0.553716,0.038229,0.007540
0.287000,0.463841,-0.034662,-0.020297
0.288000,0.579521,0.023641,-0.002609
0.289000,0.543424,0.034930,0.009753
0.290000,0.424478,-0.033206,0.001954
0.291000,0.516533,0.044528,-0.010086
0.292000,0.505917,0.102586,0.006919
0.293000,0.540496,-0.000893,0.007676
0.294000,0.583916,0.004961,0.012240
0.295000,0.459291,0.027450,0.009042
0.296000,0.465019,0.051081,-0.006752
0.297000,0.462543,-0.000055,0.019320
0.298000,0.514381,0.043530,-0.007318
0.299000,0.503605,-0.054730,-0.005711
0.300000,0.538872,-0.001786,0.014513
0.301000,0.490584,-0.009207,0.012767
0.302000,0.469828,-0.070695,0.013013
0.303000,0.519267,-0.100718,0.000445
0.304000,0.481217,0.081165,-0.007290
0.305000,0.472984,-0.042349,-0.010541
0.306000,0.467415,-0.066795,-0.010312
0.307000,0.425266,-0.069649,-0.015597
0.308000,0.475757,-0.031803,-0.012265
0.309000,0.522248,-0.002236,-0.004320
0.310000,0.478417,0.074096,0.002398
0.311000,0.522113,-0.120295,-0.006537
0.312000,0.399011,-0.019826,0.003733
0.313000,0.468634,0.024124,-0.010227
0.314000,0.526785,-0.072269,-0.002617
0.315000,0.519528,0.024929,-0.001273
0.316000,0.590230,-0.019278,-0.004510
0.317000,0.371636,0.082286,-0.003690
0.318000,0.445295,0.061445,0.012355
0.319000,0.505039,-0.066748,0.004190
0.320000,0.471095,-0.054461,0.010434
0.321000,0.400798,0.026383,0.004594
0.322000,0.595407,0.015126,-0.020584
0.323000,0.461106,0.003008,0.003556
0.324000,0.545625,-0.091158,-0.003299
0.325000,0.545115,0.071821,0.018610
0.326000,0.481848,0.051057,0.017117
0.327000,0.555731,0.033664,0.008278
0.328000,0.463257,-0.067322,0.009828
0.329000,0.483855,-0.001309,-0.005787
0.330000,0.481723,0.010827,-0.010219
0.331000,0.503186,0.011446,-0.000774
0.332000,0.465409,0.036591,0.018726
0.333000,0.472032,0.057424,0.008893
0.334000,0.376579,-0.035408,-0.006358
0.335000,0.536366,0.008768,0.004744
0.336000,0.529598,-0.041815,-0.007465
0.337000,0.443115,-0.007920,-0.001191
0.338000,0.507964,-0.033832,0.009065
0.339000,0.542661,0.071939,0.007113
0.340000,0.508629,0.031279,0.006098
0.341000,0.469680,0.059978,0.017185
0.342000,0.591962,0.001639,0.003243
0.343000,0.519368,-0.000118,0.006193
0.344000,0.494363,-0.009014,0.017590
0.345000,0.507662,0.003117,0.008820
0.346000,0.506993,0.013565,-0.000636
0.347000,0.443230,-0.001441,-0.011369
0.348000,0.509776,-0.054957,0.009167
0.349000,0.534852,0.013045,-0.001001
0.350000,0.519365,-0.091406,-0.010968
0.351000,0.493081,0.016060,-0.000794
0.352000,0.453269,0.006208,-0.004537
0.353000,0.450292,0.015327,-0.002100
0.354000,0.555657,0.030959,0.007347
0.355000,0.514963,-0.039315,-0.009356
0.356000,0.431566,0.133923,-0.010794
0.357000,0.490239,-0.016764,-0.002811
0.358000,0.472832,-0.086910,-0.009982
0.359000,0.435310,-0.005897,-0.006842
0.360000,0.468034,0.010042,-0.005828
0.361000,0.543358,-0.017964,0.002252
0.362000,0.438351,0.030556,-0.004052
0.363000,0.519014,0.015351,-0.001734
0.364000,0.510115,-0.017923,0.013461
0.365000,0.543460,0.022444,-0.011801
0.366000,0.448864,-0.030881,-0.002450
0.367000,0.520840,-0.041704,0.011771
0.368000,0.500167,-0.093629,-0.004753
0.369000,0.379745,-0.034968,-0.005491
0.370000,0.471606,-0.015130,-0.003941
0.371000,0.472381,0.069892,0.012149
0.372000,0.446885,0.058328,-0.016214
0.373000,0.462107,0.070947,-0.022396
0.374000,0.526737,-0.058309,-0.001440
0.375000,0.491617,0.078949,-0.008106
0.376000,0.496790,0.029167,-0.002518
0.377000,0.461760,-0.002754,0.000935
0.378000,0.541124,-0.043868,-0.004491
0.379000,0.515022,-0.007776,-0.001853
0.380000,0.499209,-0.032368,-0.007997
0.381000,0.520501,-0.050941,0.011654
0.382000,0.510108,-0.059381,0.002830
0.383000,0.507781,0.035453,0.011588
0.384000,0.482955,-0.032923,-0.006060
0.385000,0.454363,-0.034722,0.002845
0.386000,0.500710,-0.022856,-0.007383
0.387000,0.516183,-0.023333,-0.010402
0.388000,0.492945,-0.012303,-0.010700
0.389000,0.538478,0.039354,0.000409
0.390000,0.506096,0.024529,-0.000309
0.391000,0.541460,0.077033,0.000805
0.392000,0.520479,0.040630,-0.003380
0.393000,0.447515,0.042144,-0.015688
0.394000,0.583211,0.040490,0.001877
0.395000,0.502377,0.081468,-0.009462
0.396000,0.446031,-0.027824,-0.002618
0.397000,0.453182,0.007157,0.001359
0.398000,0.462142,0.074569,-0.013921
0.399000,0.440611,0.017496,-0.002075
0.400000,0.519431,-0.028793,-0.010333
0.401000,0.469971,-0.031799,0.005250
0.402000,0.477674,0.035419,0.005881
0.403000,0.548405,0.041899,0.007844
0.404000,0.535811,-0.024035,-0.002619
0.405000,0.414868,0.013571,-0.006738
0.406000,0.518679,0.024537,-0.013521
0.407000,0.452839,-0.016251,-0.005176
0.408000,0.507769,-0.053747,0.000472
0.409000,0.421457,-0.100249,0.007167
0.410000,0.439281,-0.026046,-0.014174
0.411000,0.434464,-0.018554,-0.004101
0.412000,0.545707,0.020910,-0.002611
0.413000,0.535245,0.051939,0.004113
0.414000,0.481099,0.047382,0.017685
0.415000,0.530726,0.082367,0.009266
0.416000,0.539486,-0.050712,-0.011135
0.417000,0.497698,-0.077658,-0.005930
0.418000,0.540346,-0.030941,0.005332
0.419000,0.437144,-0.022963,0.010234
0.420000,0.509699,0.013503,0.017047
0.421000,0.560323,-0.040789,0.013179
0.422000,0.471381,-0.000818,0.000152
0.423000,0.549915,-0.052530,0.004519
0.424000,0.524376,0.037749,-0.002104
0.425000,0.546676,-0.033099,0.011471
0.426000,0.516385,-0.065128,0.004079
0.427000,0.508341,-0.016544,-0.007363
0.428000,0.488827,-0.067085,0.016907
0.429000,0.447516,-0.030761,0.011449
0.430000,0.527214,0.033504,0.015167
0.431000,0.485480,-0.048680,0.008443
0.432000,0.537040,-0.015206,-0.012656
0.433000,0.557642,0.026787,-0.013735
0.434000,0.536281,-0.067030,-0.004826
0.435000,0.447747,-0.029670,-0.008333
0.436000,0.471471,0.033691,0.002946
0.437000,0.529247,0.050813,-0.003727
0.438000,0.503716,0.025033,0.017067
0.439000,0.541822,0.064266,0.010190
0.440000,0.549181,-0.083018,0.008809
0.441000,0.509905,0.002522,-0.005273
0.442000,0.480218,0.019359,0.008400
0.443000,0.430327,0.010146,-0.005607
0.444000,0.455771,0.018264,-0.003287
0.445000,0.469344,-0.035779,0.002813
0.446000,0.499533,-0.050780,-0.008410
0.447000,0.491510,0.018846,-0.010497
0.448000,0.522705,-0.038330,0.027277
0.449000,0.456227,-0.036754,0.001940
0.450000,0.458024,0.038499,0.018014
0.451000,0.481969,0.008037,-0.005178
0.452000,0.499999,0.066600,0.008942
0.453000,0.457938,0.071911,0.011621
0.454000,0.522624,-0.030665,0.000657
0.455000,0.462997,0.021752,-0.003165
0.456000,0.396036,0.043084,0.001915
0.457000,0.550168,-0.006335,0.001885
0.458000,0.551882,0.018039,0.002880
0.459000,0.649524,-0.007861,0.001692
0.460000,0.580662,-0.037447,-0.010410
0.461000,0.433385,0.024824,0.006256
0.462000,0.534492,-0.062964,0.010059
0.463000,0.555693,-0.004527,0.000326
0.464000,0.531427,0.017078,0.006420
0.465000,0.449479,-0.008123,-0.012125
0.466000,0.529365,0.024664,-0.000988
0.467000,0.513806,-0.072405,0.008579
0.468000,0.478264,0.006003,0.011154
0.469000,0.464810,0.055692,0.001241
0.470000,0.501311,0.025866,-0.012470
0.471000,0.527636,0.002861,0.010363
0.472000,0.489915,-0.016900,0.003696
0.473000,0.497238,-0.054610,-0.001940
0.474000,0.558966,-0.004331,-0.008705
0.475000,0.533303,-0.086217,-0.021203
0.476000,0.499807,0.008416,0.002204
0.477000,0.458470,-0.007001,-0.013987
0.478000,0.510213,-0.075140,-0.001492
0.479000,0.512168,-0.081713,-0.005225
0.480000,0.536662,0.072053,-0.015040
0.481000,0.515812,-0.057493,-0.013453
0.482000,0.574245,0.031082,-0.008042
0.483000,0.510189,0.029861,0.001813
0.484000,0.604537,0.028179,-0.029930
0.485000,0.486501,-0.034263,-0.002041
0.486000,0.500626,-0.030289,-0.010849
0.487000,0.563422,0.027787,-0.006707
0.488000,0.531615,0.031407,0.012673
0.489000,0.450910,0.036278,-0.006078
0.490000,0.553729,-0.008952,-0.022718
0.491000,0.501645,-0.082994,-0.002171
0.492000,0.497293,-0.018668,-0.014869
0.493000,0.448100,-0.039288,-0.002481
0.494000,0.559937,0.032985,-0.004722
0.495000,0.559257,-0.063638,0.006850
0.496000,0.491849,0.010993,0.006385
0.497000,0.468388,0.037267,-0.000093
0.498000,0.612190,-0.014153,0.012692
0.499000,0.530101,-0.054617,0.013606
0.500000,0.450673,-0.103826,0.008533
0.501000,0.549725,0.002420,-0.002610
0.502000,0.573668,0.033114,-0.006559
0.503000,0.534029,-0.057834,-0.005590
0.504000,0.451105,-0.102338,-0.011773
0.505000,0.556859,-0.051067,-0.005500
0.506000,0.445995,0.040265,0.000012
0.507000,0.522828,-0.004916,-0.011710
0.508000,0.454695,0.038947,-0.000574
0.509000,0.536023,-0.147115,0.011101
0.510000,0.477022,0.101075,-0.005108
0.511000,0.501315,0.030719,-0.008758
0.512000,0.540597,-0.030014,0.012891
0.513000,0.536898,0.023056,-0.007242
0.514000,0.490205,0.013951,-0.020333
0.515000,0.474334,0.043636,-0.012682
0.516000,0.559494,-0.029227,0.003233
0.517000,0.446614,0.022532,0.004627
0.518000,0.552861,0.062987,0.012535
0.519000,0.509718,-0.057038,0.013238
0.520000,0.439336,-0.020407,0.007371
0.521000,0.520633,0.074105,-0.000041
0.522000,0.421383,-0.012804,0.001741
0.523000,0.483691,0.065703,-0.002476
0.524000,0.433209,0.021714,-0.011477
0.525000,0.579074,0.012564,-0.014033
0.526000,0.550210,0.110210,-0.020041
0.527000,0.542008,0.022516,0.001757
0.528000,0.515971,0.022881,-0.006930
0.529000,0.565635,-0.062776,0.019586
0.530000,0.571063,-0.055175,-0.000054
0.531000,0.566048,-0.022840,-0.001624
0.532000,0.481283,0.054307,-0.006077
0.533000,0.499543,0.025129,-0.002076
0.534000,0.459696,-0.062405,-0.015183
0.535000,0.445119,-0.080035,-0.007269
0.536000,0.513965,0.002516,-0.008266
0.537000,0.452645,-0.046209,-0.013879
0.538000,0.442511,0.033230,-0.014046
0.539000,0.500805,-0.028750,0.024279
0.540000,0.416412,0.008992,-0.003338
0.541000,0.464129,0.014663,0.001556
0.542000,0.450278,0.019829,0.003892
0.543000,0.560913,-0.028374,0.014704
0.544000,0.490845,-0.091918,0.005231
0.545000,0.496205,-0.041044,0.009332
0.546000,0.478061,0.047302,-0.000827
0.547000,0.534903,0.031607,0.004732
0.548000,0.451992,0.042782,0.000218
0.549000,0.593139,0.022266,0.007511
0.550000,0.464419,-0.018892,0.000967
0.551000,0.445553,-0.054438,-0.001086
0.552000,0.496378,0.009400,0.011171
0.553000,0.481377,0.031672,-0.001446
0.554000,0.490975,0.011958,-0.020677
0.555000,0.503087,-0.029690,-0.009298
0.556000,0.412223,-0.020602,-0.018774
0.557000,0.540476,-0.011132,-0.016821
0.558000,0.468670,0.035118,-0.005949
0.559000,0.486919,-0.017173,-0.001283
0.560000,0.420932,-0.002115,-0.005581
0.561000,0.637401,-0.009909,-0.004556
0.562000,0.545981,-0.007258,0.002533
0.563000,0.459339,0.072345,-0.006277
0.564000,0.517460,0.052674,-0.003045
0.565000,0.499993,0.027283,0.006827
0.566000,0.449292,0.008442,-0.009454
0.567000,0.465328,-0.030161,0.012160
0.568000,0.574268,0.121198,-0.000566
0.569000,0.460860,-0.045097,0.016075
0.570000,0.428439,-0.014744,-0.005661
0.571000,0.581405,-0.047138,0.011017
0.572000,0.561093,-0.007758,0.004655
0.573000,0.428424,-0.004103,-0.002150
0.574000,0.380005,0.019322,0.003552
0.575000,0.421229,-0.065695,-0.007493
0.576000,0.475384,-0.014251,-0.009581
0.577000,0.453117,0.014258,-0.004752
0.578000,0.495032,-0.010684,0.004572
0.579000,0.492824,0.040076,0.001030
0.580000,0.541355,0.058011,-0.014605
0.581000,0.542888,0.082932,-0.009725
0.582000,0.498517,-0.016616,0.004408
0.583000,0.524188,-0.031134,0.013126
0.584000,0.460150,-0.006434,0.010236
0.585000,0.590868,-0.023847,0.007823
0.586000,0.510236,-0.073611,-0.009552
0.587000,0.443958,-0.023413,-0.004168
0.588000,0.501300,0.059435,0.004225
0.589000,0.623413,-0.011324,0.007893
0.590000,0.519277,0.070081,-0.003787
0.591000,0.539319,0.075780,-0.007208
0.592000,0.496517,0.023459,-0.004348
0.593000,0.459286,0.085253,-0.002297
0.594000,0.580665,-0.023650,-0.002071
0.595000,0.537081,-0.009583,-0.008989
0.596000,0.466512,0.012684,-0.006661
0.597000,0.504097,-0.105002,-0.005581
0.598000,0.491612,-0.023847,-0.009936
0.599000,0.458902,0.003280,0.014871
0.600000,0.434949,-0.012851,0.009770
0.601000,0.515558,-0.004361,-0.004507
0.602000,0.500617,-0.004701,-0.021865
0.603000,0.466704,-0.090689,0.012911
0.604000,0.538267,-0.036666,0.008049
0.605000,0.613904,-0.028984,0.012993
0.606000,0.516863,-0.011011,-0.011059
0.607000,0.474140,-0.018370,-0.023158
0.608000,0.524676,-0.014966,0.004592
0.609000,0.480499,0.139471,-0.016573
0.610000,0.456597,0.032804,0.023585
0.611000,0.453836,0.085090,-0.009170
0.612000,0.560164,0.003507,0.022300
0.613000,0.582893,-0.030130,0.029357
0.614000,0.447707,-0.014589,0.018079
0.615000,0.465820,-0.029834,0.001306
0.616000,0.521048,0.018011,-0.007457
0.617000,0.509159,0.029651,0.015040
0.618000,0.515265,-0.058285,0.000284
0.619000,0.471132,0.061357,-0.016754
0.620000,0.526037,-0.049559,0.012721
0.621000,0.535872,0.010203,0.005049
0.622000,0.484329,0.031435,-0.000496
0.623000,0.534013,0.002725,-0.024812
0.624000,0.476106,0.070589,0.014525
0.625000,0.504863,-0.005863,-0.003352
0.626000,0.529332,0.026935,-0.009791
0.627000,0.530778,0.057351,-0.009549
0.628000,0.491309,0.021564,0.007228
0.629000,0.480438,-0.024593,-0.004639
0.630000,0.517920,0.019961,-0.000194
0.631000,0.436540,-0.050703,0.006368
0.632000,0.443199,0.010529,-0.003608
0.633000,0.471986,0.001242,0.016764
0.634000,0.513435,-0.013753,-0.014734
0.635000,0.523828,0.052876,0.006074
0.636000,0.554237,0.022170,-0.013033
0.637000,0.497909,0.024415,0.007210
0.638000,0.477064,-0.002948,0.003659
0.639000,0.559137,0.046761,0.006463
0.640000,0.518431,-0.047693,-0.011010
0.641000,0.495727,0.048451,0.003954
0.642000,0.526101,-0.069848,-0.014617
0.643000,0.552094,-0.001611,-0.013137
0.644000,0.541036,0.012003,0.029515
0.645000,0.558146,0.016127,-0.001511
0.646000,0.510806,-0.004775,-0.014388
0.647000,0.543146,0.012786,-0.027547
0.648000,0.470437,-0.038551,0.009809
0.649000,0.497951,0.069190,-0.015915
0.650000,0.449958,0.049638,-0.006552
0.651000,0.450756,-0.024499,-0.007598
0.652000,0.525088,0.052014,-0.015869
0.653000,0.486474,0.000663,0.000822
0.654000,0.538761,0.005575,-0.005798
0.655000,0.448278,-0.084880,-0.003711
0.656000,0.500670,0.042876,-0.003778
0.657000,0.608092,-0.003558,-0.004833
0.658000,0.517704,-0.045148,0.002089
0.659000,0.403984,0.031450,0.000667
0.660000,0.509795,0.007201,-0.012738
0.661000,0.458199,0.072865,0.004946
0.662000,0.472217,0.019587,0.004077
0.663000,0.590917,0.051650,0.004112
0.664000,0.479105,0.082972,-0.001015
0.665000,0.459506,-0.056762,-0.008624
0.666000,0.483064,0.035604,0.009132
0.667000,0.553544,0.007116,0.008315
0.668000,0.605097,0.042344,0.016029
0.669000,0.429730,-0.034506,-0.007511
0.670000,0.375472,0.003427,0.013924
0.671000,0.475099,0.009091,-0.008541
0.672000,0.477126,0.013272,-0.011958
0.673000,0.554613,-0.089255,0.003222
0.674000,0.477138,0.069271,0.007618
0.675000,0.403051,-0.112683,-0.010014
0.676000,0.476638,-0.008792,0.000302
0.677000,0.531334,-0.063542,-0.018005
0.678000,0.511744,-0.016792,-0.001034
0.679000,0.470144,-0.008057,0.014865
0.680000,0.424490,-0.057008,0.006416
0.681000,0.572911,-0.009566,-0.012627
0.682000,0.406914,0.012120,-0.012494
0.683000,0.601201,0.108924,0.002263
0.684000,0.522582,-0.005485,0.011418
0.685000,0.499857,0.002947,0.013604
0.686000,0.529128,0.099127,-0.016368
0.687000,0.474156,-0.042047,0.008418
0.688000,0.477040,0.028019,-0.011690
0.689000,0.495612,0.106849,0.016384
0.690000,0.412616,0.016959,0.008264
0.691000,0.477048,-0.051279,0.006620
0.692000,0.504690,0.025703,-0.001581
0.693000,0.608439,-0.042509,-0.004960
0.694000,0.523951,0.034038,-0.013787
0.695000,0.560347,-0.067827,0.000064
0.696000,0.485718,-0.032917,0.011333
0.697000,0.390822,-0.033994,-0.009028
0.698000,0.540698,0.072121,0.007755
0.699000,0.564905,-0.103480,0.001636
0.700000,0.435665,-0.017442,0.002447
0.701000,0.504402,0.063996,-0.019786
0.702000,0.461124,-0.068875,-0.016388
0.703000,0.546786,0.008486,0.015566
0.704000,0.555132,0.003170,-0.009696
0.705000,0.546135,-0.032171,-0.011994
0.706000,0.446486,0.005668,0.012655
0.707000,0.502447,0.056957,0.000913
0.708000,0.480163,0.126581,0.018210
0.709000,0.509160,-0.038711,-0.016090
0.710000,0.518670,-0.011886,0.004670
0.711000,0.515027,0.020294,0.011422
0.712000,0.514617,-0.033652,-0.007705
0.713000,0.527125,-0.049858,0.007183
0.714000,0.533222,-0.002041,-0.007814
0.715000,0.417370,-0.052284,-0.016259
0.716000,0.501241,-0.020574,-0.009207
0.717000,0.540591,0.006016,0.000476
0.718000,0.525962,0.048213,-0.016028
0.719000,0.532873,-0.084146,-0.007944
0.720000,0.547082,0.032154,0.006647
0.721000,0.508470,0.065727,-0.015408
0.722000,0.485805,0.002203,0.020353
0.723000,0.547752,0.048305,-0.007613
0.724000,0.604648,0.021947,-0.010059
0.725000,0.609099,-0.066376,-0.008687
0.726000,0.489115,-0.045606,0.005272
0.727000,0.512874,0.005280,0.018938
0.728000,0.423993,0.063560,-0.008247
0.729000,0.568016,0.088625,0.023016
0.730000,0.491138,-0.054111,0.003279
0.731000,0.497517,-0.082003,0.007355
0.732000,0.457080,0.067078,0.009652
0.733000,0.486913,0.001682,-0.002426
0.734000,0.478723,0.144124,-0.009362
0.735000,0.502574,0.046120,-0.003843
0.736000,0.470762,-0.061826,0.011920
0.737000,0.533120,0.021860,-0.015088
0.738000,0.523425,0.013272,-0.003381
0.739000,0.435958,-0.002637,-0.008708
0.740000,0.503723,0.002946,-0.003382
0.741000,0.541029,-0.003072,0.005291
0.742000,0.519463,0.046897,-0.009641
0.743000,0.483937,0.042888,0.001535
0.744000,0.552369,0.034666,-0.004447
0.745000,0.540959,-0.011977,0.009566
0.746000,0.586232,0.050778,0.022895
0.747000,0.427825,-0.025509,-0.002663
0.748000,0.481380,0.017325,-0.003681
0.749000,0.551453,0.045808,0.004135
0.750000,0.452915,0.025462,0.006743
0.751000,0.516462,0.001396,0.014003
0.752000,0.474491,-0.017058,0.006671
0.753000,0.524691,0.039660,-0.002840
0.754000,0.438844,-0.057569,-0.004327
0.755000,0.536861,0.036854,-0.018159
0.756000,0.524835,-0.004058,-0.010421
0.757000,0.601908,0.012279,0.008274
0.758000,0.619434,-0.027032,-0.003968
0.759000,0.569265,-0.060829,0.000740
0.760000,0.502150,0.045130,0.004054
0.761000,0.457522,0.045226,0.008451
0.762000,0.451110,-0.031995,-0.005258
0.763000,0.446536,0.049525,-0.003238
0.764000,0.487076,-0.048273,-0.003945
0.765000,0.569076,0.034808,-0.016174
0.766000,0.453962,0.029566,-0.004981
0.767000,0.474265,-0.040028,-0.013311
0.768000,0.504433,-0.017689,0.011404
0.769000,0.496897,-0.044897,0.006938
0.770000,0.562619,-0.034224,-0.017026
0.771000,0.477720,-0.062794,0.016416
0.772000,0.435446,-0.015243,0.014735
0.773000,0.540526,-0.023894,-0.007831
0.774000,0.491557,-0.011171,0.014964
0.775000,0.492805,-0.062797,0.009858
0.776000,0.548216,-0.010550,0.007721
0.777000,0.502384,-0.056137,-0.000811
0.778000,0.446753,-0.029499,-0.009389
0.779000,0.515483,0.008675,-0.013197
0.780000,0.457211,-0.000125,0.004644
0.781000,0.503360,-0.102654,0.012869
0.782000,0.582443,0.073673,0.005441
0.783000,0.531259,-0.030431,0.001886
0.784000,0.447406,0.005664,-0.014297
0.785000,0.527222,-0.016493,0.007671
0.786000,0.508493,-0.021377,0.008433
0.787000,0.445417,-0.012320,-0.005375
0.788000,0.534607,-0.003513,0.002700
0.789000,0.524443,-0.109134,-0.009263
0.790000,0.505393,0.047097,0.005726
0.791000,0.560973,-0.010309,0.001007
0.792000,0.476751,-0.020266,-0.008304
0.793000,0.474728,-0.008860,-0.006516
0.794000,0.501236,-0.084597,0.004279
0.795000,0.508255,0.020757,-0.004635
0.796000,0.476359,0.045697,-0.001545
0.797000,0.592408,-0.065408,-0.002474
0.798000,0.447558,-0.036597,-0.007900
0.799000,0.477638,0.036415,-0.011439
0.800000,0.528376,-0.067026,-0.004055
0.801000,0.561394,0.021493,0.002723
0.802000,0.529311,0.026793,0.006280
0.803000,0.565294,-0.048306,-0.000707
0.804000,0.529644,0.034871,0.005581
0.805000,0.560776,-0.023305,-0.013497
0.806000,0.559188,-0.000037,-0.005487
0.807000,0.501663,-0.020108,0.010062
0.808000,0.541408,0.014501,0.005409
0.809000,0.501517,0.047750,-0.023633
0.810000,0.445659,-0.001857,-0.004135
0.811000,0.455785,0.028839,-0.009784
0.812000,0.510111,0.005782,0.000577
0.813000,0.461429,-0.008985,0.012269
0.814000,0.525283,0.044788,-0.000801
0.815000,0.420815,-0.021699,-0.001507
0.816000,0.560542,0.052841,0.004248
0.817000,0.460157,0.005975,-0.002617
0.818000,0.488673,-0.057380,0.004639
0.819000,0.498612,0.037417,-0.014616
0.820000,0.447576,0.169614,-0.008801
0.821000,0.513377,0.020363,-0.009822
0.822000,0.580363,-0.003052,0.001495
0.823000,0.584586,-0.036796,-0.004876
0.824000,0.483928,-0.063851,0.002758
0.825000,0.522005,0.008527,0.006558
0.826000,0.540268,0.015755,-0.002414
0.827000,0.556770,-0.032407,0.013964
0.828000,0.491024,0.035576,0.018266
0.829000,0.394648,-0.008943,-0.004039
0.830000,0.579423,-0.018924,0.027290
0.831000,0.428927,0.016258,-0.003863
0.832000,0.523495,-0.026289,-0.004510
0.833000,0.415207,0.005032,-0.014979
0.834000,0.439078,0.004041,-0.001213
0.835000,0.547777,-0.062944,0.004210
0.836000,0.515002,-0.014065,-0.008036
0.837000,0.496321,0.041120,-0.003738
0.838000,0.539414,-0.012737,0.017248
0.839000,0.501247,-0.008166,-0.016108
0.840000,0.433613,0.017736,-0.002274
0.841000,0.513084,-0.031848,-0.001504
0.842000,0.470988,0.013732,-0.002182
0.843000,0.586738,-0.032007,0.011188
0.844000,0.450948,-0.021646,-0.008415
0.845000,0.558595,0.020327,0.001372
0.846000,0.510906,-0.050442,0.014029
0.847000,0.564637,-0.001596,0.000133
0.848000,0.530196,-0.008152,-0.002002
0.849000,0.477076,-0.016090,-0.004761
0.850000,0.533951,-0.015271,-0.004284
0.851000,0.470842,-0.069752,0.015602
0.852000,0.523658,0.040307,-0.005299
0.853000,0.567785,0.006754,0.014526
0.854000,0.499378,-0.002078,-0.005280
0.855000,0.503604,0.010466,0.014927
0.856000,0.571623,0.004184,0.012190
0.857000,0.373583,-0.021877,0.002497
0.858000,0.541266,0.019681,-0.000561
0.859000,0.478533,-0.037203,0.019020
0.860000,0.552203,0.060834,0.000106
0.861000,0.475138,0.025803,-0.000246
0.862000,0.494042,-0.001156,-0.006330
0.863000,0.459464,-0.011276,-0.013854
0.864000,0.527829,0.039007,-0.007695
0.865000,0.414993,0.018308,0.002384
0.866000,0.500954,-0.062074,-0.019177
0.867000,0.579617,-0.010067,0.005044
0.868000,0.496709,0.019237,-0.012783
0.869000,0.479267,-0.063047,-0.010872
0.870000,0.467019,-0.084035,-0.004612
0.871000,0.466932,-0.055179,-0.001328
0.872000,0.499472,-0.038934,0.020120
0.873000,0.533409,0.052176,-0.003284
0.874000,0.541568,0.035612,-0.010185
0.875000,0.468266,0.135607,-0.004112
0.876000,0.522647,-0.009983,0.008314
0.877000,0.453735,-0.046763,0.011343
0.878000,0.509235,-0.115252,0.000234
0.879000,0.491535,0.033058,0.003211
0.880000,0.515918,0.004069,0.002905
0.881000,0.446383,-0.037907,-0.008523
0.882000,0.437613,0.036667,0.010776
0.883000,0.528561,-0.027968,-0.005371
0.884000,0.479538,0.051769,0.005266
0.885000,0.580889,-0.045102,-0.002256
0.886000,0.441357,-0.065926,-0.001553
0.887000,0.484384,-0.023855,-0.015347
0.888000,0.509153,-0.013205,0.009149
0.889000,0.525608,-0.061018,0.003957
0.890000,0.472142,0.071288,-0.000296
0.891000,0.476578,-0.018911,-0.015009
0.892000,0.559284,0.098586,-0.017298
0.893000,0.488287,-0.005136,-0.005943
0.894000,0.556636,0.058027,-0.002453
0.895000,0.596350,0.001524,-0.002419
0.896000,0.513016,-0.034703,0.014531
0.897000,0.528684,-0.016511,-0.001855
0.898000,0.457773,0.012211,-0.012936
0.899000,0.500147,-0.024059,0.005671
0.900000,0.548497,0.036606,-0.001226
0.901000,0.466990,-0.013939,-0.000166
0.902000,0.522697,-0.026430,-0.009673
0.903000,0.508067,0.063207,0.018723
0.904000,0.536897,-0.046064,0.014086
0.905000,0.460662,-0.035845,0.004276
0.906000,0.435791,0.037292,-0.000536
0.907000,0.518566,-0.038303,0.008464
0.908000,0.523869,-0.016901,0.009453
0.909000,0.376251,0.016854,-0.001075
0.910000,0.463019,0.008243,0.004998
0.911000,0.465719,-0.005560,-0.000414
0.912000,0.518276,0.057066,-0.004639
0.913000,0.561259,-0.060669,0.003008
0.914000,0.420009,0.003339,0.007223
0.915000,0.594103,0.002296,-0.007483
0.916000,0.547750,0.001915,0.000983
0.917000,0.542657,0.050831,-0.017321
0.918000,0.502398,-0.000763,-0.010696
0.919000,0.424461,-0.003109,-0.004637
0.920000,0.466289,-0.006390,-0.003510
0.921000,0.500818,0.073348,-0.000301
0.922000,0.587469,0.057872,0.009676
0.923000,0.466112,-0.013650,-0.009197
0.924000,0.519345,-0.003119,0.004417
0.925000,0.514073,0.007808,-0.003569
0.926000,0.454739,-0.020546,0.007166
0.927000,0.492377,-0.002792,0.008678
0.928000,0.522681,-0.068604,-0.000804
0.929000,0.459470,-0.002520,0.003903
0.930000,0.523696,0.077394,-0.005008
0.931000,0.486280,0.026702,0.009620
0.932000,0.452021,0.031944,0.006655
0.933000,0.493006,-0.013076,0.007326
0.934000,0.519871,0.018640,-0.007318
0.935000,0.419884,-0.004373,-0.002711
0.936000,0.521312,-0.035563,0.006347
0.937000,0.519054,-0.034429,0.009450
0.938000,0.484049,-0.032398,0.002509
0.939000,0.499316,-0.042100,0.006201
0.940000,0.499574,-0.035270,-0.017540
0.941000,0.519836,0.004606,0.001194
0.942000,0.564046,-0.115856,0.012692
0.943000,0.563440,-0.045590,0.010147
0.944000,0.462230,-0.048494,-0.001014
0.945000,0.585017,0.016824,0.000499
0.946000,0.541199,-0.028957,0.014975
0.947000,0.573061,0.019966,-0.007883
0.948000,0.549867,0.013708,0.006437
0.949000,0.552870,0.020302,-0.009025
0.950000,0.569325,0.012991,0.003242
0.951000,0.528612,0.014501,0.007479
0.952000,0.509185,-0.008261,-0.005502
0.953000,0.476215,-0.013405,0.009894
0.954000,0.484329,-0.005167,-0.001011
0.955000,0.524834,0.030189,0.019744
0.956000,0.435199,-0.010604,0.005730
0.957000,0.421613,0.081002,-0.001161
0.958000,0.463066,0.045157,-0.021980
0.959000,0.509873,-0.046122,-0.000149
0.960000,0.517400,0.036866,0.004113
0.961000,0.597053,0.002883,-0.003419
0.962000,0.557035,-0.003038,0.004182
0.963000,0.316850,0.021084,-0.000748
0.964000,0.479770,-0.030531,0.009032
0.965000,0.405028,0.146490,0.011541
0.966000,0.517202,0.088400,0.002747
0.967000,0.458369,0.047777,-0.016360
0.968000,0.527913,0.055732,0.005350
0.969000,0.432494,0.009541,-0.001231
0.970000,0.465475,-0.107546,-0.011855
0.971000,0.476707,0.052357,0.027532
0.972000,0.539855,-0.036667,-0.004210
0.973000,0.550340,0.028552,0.003909
0.974000,0.511075,0.055787,0.022359
0.975000,0.500447,0.007386,0.005044
0.976000,0.478502,-0.101995,0.004937
0.977000,0.465876,0.061244,0.001824
0.978000,0.569656,-0.039891,0.011312
0.979000,0.424101,0.043617,-0.002372
0.980000,0.543607,-0.016658,0.006825
0.981000,0.523381,0.017823,0.004427
0.982000,0.578169,-0.026110,0.014034
0.983000,0.483527,0.056144,0.023397
0.984000,0.462864,-0.100292,0.001637
0.985000,0.467825,-0.024490,-0.003293
0.986000,0.475170,0.066566,0.011254
0.987000,0.553918,0.107554,-0.007708
0.988000,0.383857,0.094129,0.002505
0.989000,0.497410,-0.083866,-0.013517
0.990000,0.532185,-0.006659,-0.021529
0.991000,0.456252,0.048802,0.012787
0.992000,0.509962,0.131829,0.010267
0.993000,0.584208,0.062021,0.008312
0.994000,0.437704,-0.074444,-0.007413
0.995000,0.512018,0.000050,0.003747
0.996000,0.499070,0.022224,0.009875
0.997000,0.500370,-0.013396,-0.026213
0.998000,0.540573,-0.035973,-0.009091
0.999000,0.540362,0.042723,0.006800
1.000000,0.544331,-0.050892,-0.002292
1.001000,0.474415,0.080467,0.008638
1.002000,0.488653,0.039142,0.003747
1.003000,0.494537,0.021718,0.008506
1.004000,0.493388,-0.058169,0.003546
1.005000,0.487717,-0.053278,-0.007682
1.006000,0.488396,0.001264,0.005617
1.007000,0.490116,0.020928,-0.003734
1.008000,0.525382,0.018750,0.005692
1.009000,0.566852,-0.013157,-0.015933
1.010000,0.496378,0.037652,0.000249
1.011000,0.514798,-0.080133,-0.008341
1.012000,0.525060,0.036180,-0.007504
1.013000,0.517072,-0.033074,-0.011524
1.014000,0.503303,0.010096,0.003964
1.015000,0.533960,0.078014,0.009487
1.016000,0.483214,0.043712,-0.014675
1.017000,0.504684,0.049005,0.006792
1.018000,0.538527,0.088849,-0.007407
1.019000,0.536971,-0.004342,0.011147
1.020000,0.505471,0.036380,0.015468
1.021000,0.529348,-0.009760,-0.003677
1.022000,0.467715,0.048290,0.013123
1.023000,0.488635,-0.084166,-0.006335
1.024000,0.520188,-0.044042,-0.019585
1.025000,0.479327,-0.094904,0.003254
1.026000,0.481343,0.002803,0.012967
1.027000,0.457766,-0.099914,-0.000284
1.028000,0.521815,-0.066498,-0.003685
1.029000,0.483849,0.001294,-0.006155
1.030000,0.623896,-0.012208,0.001865
1.031000,0.477451,-0.122949,0.013809
1.032000,0.353155,0.063115,-0.013214
1.033000,0.436787,-0.005066,0.021959
1.034000,0.514867,-0.008897,-0.007677
1.035000,0.530270,-0.017215,0.007138
1.036000,0.408665,0.024582,0.003180
1.037000,0.436726,-0.048035,-0.001474
1.038000,0.477369,0.013491,-0.014347
1.039000,0.458853,0.098337,-0.008424
1.040000,0.480179,-0.008237,-0.002785
1.041000,0.556141,-0.026616,0.008549
1.042000,0.460207,0.035961,-0.002141
1.043000,0.491871,-0.004122,0.005502
1.044000,0.444484,-0.045142,0.020372
1.045000,0.523560,-0.016787,0.006421
1.046000,0.497203,-0.104729,0.001613
1.047000,0.494331,0.016241,-0.007747
1.048000,0.489745,0.053128,-0.001508
1.049000,0.480046,0.016981,-0.003942
1.050000,0.549674,-0.008117,0.003634
1.051000,0.467246,-0.058044,0.007193
1.052000,0.512187,0.029652,0.007367
1.053000,0.431654,0.005572,-0.020058
1.054000,0.524159,-0.050500,0.004673
1.055000,0.533769,-0.025094,-0.000230
1.056000,0.556859,-0.076934,0.006436
1.057000,0.505507,0.044105,-0.016519
1.058000,0.500165,0.051364,0.013592
1.059000,0.464217,-0.013003,0.018414
1.060000,0.433955,-0.002128,0.001774
1.061000,0.508137,-0.043458,0.009645
1.062000,0.541332,0.084481,-0.007930
1.063000,0.477593,0.051010,0.018153
1.064000,0.499536,-0.071079,-0.002161
1.065000,0.544876,0.031543,0.011129
1.066000,0.589542,-0.020064,-0.009044
1.067000,0.444054,-0.005711,0.010191
1.068000,0.580343,0.010177,0.000147
1.069000,0.493819,0.057048,-0.007620
1.070000,0.495119,-0.003600,-0.000272
1.071000,0.584113,-0.041492,0.024553
1.072000,0.469517,-0.038167,-0.006609
1.073000,0.530177,-0.000655,0.011212
1.074000,0.461686,-0.077833,-0.003709
1.075000,0.513014,-0.068369,-0.001065
1.076000,0.524914,-0.037523,-0.008240
1.077000,0.449056,-0.006673,0.004563
1.078000,0.627808,0.054202,-0.012617
1.079000,0.428513,-0.005130,0.015720
1.080000,0.530568,-0.024529,0.010016
1.081000,0.564070,0.067996,-0.010664
1.082000,0.520347,-0.059596,-0.008055
1.083000,0.440523,-0.012185,-0.014360
1.084000,0.536047,-0.000573,-0.008645
1.085000,0.522581,0.071206,0.003454
1.086000,0.472850,-0.013204,-0.001041
1.087000,0.467367,-0.079625,-0.003785
1.088000,0.557808,-0.038481,-0.019303
1.089000,0.495870,0.051299,-0.017224
1.090000,0.508840,0.019139,0.005369
1.091000,0.525914,0.028289,-0.015839
1.092000,0.528657,0.064078,-0.002217
1.093000,0.517277,-0.047188,0.013030
1.094000,0.471235,0.076729,-0.003799
1.095000,0.531528,-0.024813,0.018778
1.096000,0.408262,0.017180,-0.020794
1.097000,0.443957,0.088010,0.009080
1.098000,0.406476,-0.000281,-0.006197
1.099000,0.526505,0.086075,0.006539
1.100000,0.520219,0.023633,-0.010925
1.101000,0.532615,0.042847,-0.006124
1.102000,0.470114,0.067449,0.002091
1.103000,0.447095,-0.019727,-0.004575
1.104000,0.496999,-0.003382,-0.002493
1.105000,0.577867,0.038715,0.014830
1.106000,0.421170,0.005170,0.011748
1.107000,0.533744,-0.031601,-0.007560
1.108000,0.544657,-0.009886,0.006483
1.109000,0.507285,-0.005472,0.001205
1.110000,0.461409,0.079134,0.005482
1.111000,0.565093,-0.024617,-0.005405
1.112000,0.485150,-0.040079,0.006782
1.113000,0.533144,-0.023869,-0.003197
1.114000,0.517518,-0.035008,-0.004093
1.115000,0.572589,-0.034729,-0.005168
1.116000,0.616513,-0.098912,-0.011844
1.117000,0.583605,-0.019051,0.004998
1.118000,0.598600,-0.033354,-0.005915
1.119000,0.519109,-0.003527,-0.005249
1.120000,0.493798,-0.061781,0.004657
1.121000,0.538818,-0.007510,-0.002238
1.122000,0.525528,-0.025037,-0.003081
1.123000,0.496821,0.068474,-0.000492
1.124000,0.494710,-0.007636,-0.003838
1.125000,0.455115,-0.042754,0.008604
1.126000,0.473527,0.004296,-0.004763
1.127000,0.438229,-0.021619,0.013969
1.128000,0.480715,-0.031463,-0.004279
1.129000,0.484434,0.010630,-0.004116
1.130000,0.495460,-0.022836,0.003575
1.131000,0.514479,0.009847,0.006331
1.132000,0.495383,0.056423,0.004662
1.133000,0.569210,-0.003708,0.002721
1.134000,0.468267,0.000727,0.008180
1.135000,0.482998,0.069412,0.000257
1.136000,0.573645,-0.048787,-0.002769
1.137000,0.476911,0.047012,0.006421
1.138000,0.496445,-0.021202,-0.000268
1.139000,0.533706,0.038876,-0.000596
1.140000,0.479203,0.004748,0.001293
1.141000,0.511747,-0.021095,0.017405
1.142000,0.470750,0.070356,0.013937
1.143000,0.544057,0.087176,0.005558
1.144000,0.485269,-0.024332,-0.006711
1.145000,0.538951,-0.068873,-0.014224
1.146000,0.571286,0.047116,0.004143
1.147000,0.542951,0.036018,-0.001869
1.148000,0.431683,0.059686,0.004462
1.149000,0.435982,0.006619,-0.004687
1.150000,0.494634,-0.015256,0.005512
1.151000,0.490305,-0.053725,0.006730
1.152000,0.522598,-0.066323,0.004091
1.153000,0.541290,-0.007094,0.001877
1.154000,0.464446,-0.081408,0.005218
1.155000,0.495912,0.019984,-0.002348
1.156000,0.487889,0.007549,-0.000633
1.157000,0.540297,-0.019718,-0.014444
1.158000,0.506704,-0.060621,-0.025340
1.159000,0.448981,-0.020402,-0.007959
1.160000,0.428519,-0.010450,0.012165
1.161000,0.538582,0.000383,0.009211
1.162000,0.479514,-0.041028,0.006785
1.163000,0.449595,0.015537,-0.000257
1.164000,0.483126,-0.021308,0.011372
1.165000,0.426068,0.012513,-0.002886
1.166000,0.465511,0.001812,0.003158
1.167000,0.497212,0.011398,0.014148
1.168000,0.472048,0.019442,-0.017386
1.169000,0.521256,-0.086845,0.006314
1.170000,0.477896,0.007635,-0.014555
1.171000,0.501117,0.038331,0.006198
1.172000,0.499198,-0.000301,0.011454
1.173000,0.534236,-0.029062,-0.005798
1.174000,0.468375,-0.001658,-0.011607
1.175000,0.399599,-0.010155,0.002529
1.176000,0.508672,0.050471,-0.012925
1.177000,0.476130,-0.067097,0.002458
1.178000,0.495135,-0.022367,0.000414
1.179000,0.467118,-0.047542,0.015805
1.180000,0.537695,-0.008567,-0.015414
1.181000,0.490032,0.026712,0.001699
1.182000,0.546942,0.057071,-0.000845
1.183000,0.478226,-0.022998,-0.004135
1.184000,0.542077,-0.019730,-0.016808
1.185000,0.521629,-0.004602,-0.004672
1.186000,0.408663,0.054427,0.006964
1.187000,0.447116,0.007060,-0.010837
1.188000,0.436709,-0.097625,0.007793
1.189000,0.540931,-0.014413,-0.000598
1.190000,0.581634,-0.035139,-0.011848
1.191000,0.505933,0.025561,-0.002969
1.192000,0.433663,-0.035688,0.006850
1.193000,0.533248,-0.077716,-0.012226
1.194000,0.454174,-0.001184,0.022068
1.195000,0.486704,0.002889,-0.007971
1.196000,0.620261,-0.028000,-0.005117
1.197000,0.507267,-0.061605,0.008088
1.198000,0.499613,-0.039201,-0.005958
1.199000,0.411895,-0.025843,-0.022746
1.200000,0.479046,-0.023053,-0.005890
1.201000,0.472887,-0.039166,0.012340
1.202000,0.566949,-0.007887,0.011437
1.203000,0.485743,-0.014068,-0.008288
1.204000,0.532444,0.028750,-0.012905
1.205000,0.507442,-0.024050,-0.009019
1.206000,0.498805,-0.089259,-0.004339
1.207000,0.587895,0.020266,-0.011356
1.208000,0.525741,0.004122,-0.003208
1.209000,0.472752,0.000032,-0.005924
1.210000,0.491943,0.034399,0.008157
1.211000,0.439692,-0.021788,0.016069
1.212000,0.583570,0.017200,0.016096
1.213000,0.556201,-0.006140,-0.019963
1.214000,0.497155,-0.059644,0.001364
1.215000,0.581228,0.011569,-0.007852
1.216000,0.445606,-0.091311,-0.019060
1.217000,0.575672,0.039817,-0.001310
1.218000,0.492884,-0.002417,-0.000117
1.219000,0.564757,0.018147,-0.019824
1.220000,0.549339,-0.089769,-0.004062
1.221000,0.435525,0.001877,-0.012571
1.222000,0.435909,-0.048682,0.008138
1.223000,0.491361,0.031036,0.013603
1.224000,0.511087,0.026519,-0.009695
1.225000,0.496066,-0.053441,0.005538
1.226000,0.542155,0.044928,-0.000282
1.227000,0.541654,-0.006760,-0.005615
1.228000,0.523354,0.033769,0.022037
1.229000,0.533917,-0.051212,-0.009781
1.230000,0.439448,0.003599,-0.010997
1.231000,0.563371,-0.013560,0.006418
1.232000,0.507056,0.015994,-0.010365
1.233000,0.498442,-0.019880,-0.001013
1.234000,0.505800,0.031700,-0.004656
1.235000,0.538312,0.015315,0.016388
1.236000,0.345908,-0.029896,0.012586
1.237000,0.382719,0.069061,0.000822
1.238000,0.405002,0.033752,-0.010526
1.239000,0.457539,0.068131,-0.003869
1.240000,0.455374,0.093404,0.009291
1.241000,0.484437,-0.036724,-0.002040
1.242000,0.573371,-0.045703,-0.012739
1.243000,0.559288,-0.013123,0.001005
1.244000,0.524416,-0.018145,-0.024241
1.245000,0.490131,0.057730,0.021724
1.246000,0.494517,-0.001334,0.013655
1.247000,0.527710,0.013742,-0.019791
1.248000,0.480633,0.009990,-0.015140
1.249000,0.482973,0.079475,-0.002571
1.250000,0.433278,-0.087782,-0.000113
1.251000,0.473126,-0.040401,0.002275
1.252000,0.513248,0.008121,0.003505
1.253000,0.442831,-0.029794,-0.003262
1.254000,0.497496,0.046032,-0.007282
1.255000,0.463830,0.069189,0.001585
1.256000,0.434967,-0.014465,-0.012362
1.257000,0.447112,-0.062066,-0.007960
1.258000,0.595812,0.047005,0.013817
1.259000,0.550592,-0.006274,0.004034
1.260000,0.504783,-0.049684,-0.011624
1.261000,0.541882,-0.056676,0.002009
1.262000,0.530334,0.035015,0.003693
1.263000,0.444146,0.025138,-0.001383
1.264000,0.454527,-0.092511,0.004512
1.265000,0.427785,-0.079420,0.017479
1.266000,0.444116,-0.019536,0.000718
1.267000,0.503266,-0.047415,-0.007083
1.268000,0.537477,-0.012968,-0.000231
1.269000,0.399402,-0.026687,0.008574
1.270000,0.466080,-0.044262,0.003749
1.271000,0.527848,0.015525,-0.005664
1.272000,0.534870,0.075775,0.011700
1.273000,0.427278,0.136271,-0.013256
1.274000,0.442974,0.014160,-0.000944
1.275000,0.516809,0.061014,0.009305
1.276000,0.458438,0.003352,0.010112
1.277000,0.548978,0.052306,0.008175
1.278000,0.532930,-0.023887,-0.013182
1.279000,0.519649,-0.021120,0.012445
1.280000,0.459411,-0.017732,-0.004281
1.281000,0.544981,0.034955,0.000228
1.282000,0.513584,0.075114,-0.017627
1.283000,0.534796,0.050237,0.012143
1.284000,0.537330,-0.036000,-0.005390
1.285000,0.530803,-0.027412,-0.001983
1.286000,0.429980,-0.055469,0.003467
1.287000,0.480184,-0.035295,-0.001878
1.288000,0.514020,-0.012153,0.001726
1.289000,0.504116,-0.011699,-0.000114
1.290000,0.458727,-0.023333,-0.018371
1.291000,0.445741,-0.055218,-0.003989
1.292000,0.552579,-0.000420,0.001505
1.293000,0.456160,0.013356,0.016958
1.294000,0.495942,-0.038364,-0.011659
1.295000,0.512229,-0.043787,0.007134
1.296000,0.452910,-0.077038,0.004800
1.297000,0.439821,0.028196,0.010374
1.298000,0.472424,0.009690,0.013922
1.299000,0.478377,0.074355,-0.003286
1.300000,0.456381,0.004537,0.002251
1.301000,0.552767,0.041233,0.003695
1.302000,0.530524,0.008414,0.007921
1.303000,0.475871,-0.050297,0.002086
1.304000,0.625092,0.037571,-0.007000
1.305000,0.564841,-0.086730,-0.002519
1.306000,0.518487,-0.031317,-0.005942
1.307000,0.492092,-0.025236,-0.007841
1.308000,0.449565,-0.072569,-0.009664
1.309000,0.495276,0.046813,-0.006634
1.310000,0.443636,0.074681,-0.011433
1.311000,0.504400,-0.043558,-0.007189
1.312000,0.517982,0.021452,0.012710
1.313000,0.531109,0.007165,0.006246
1.314000,0.452076,0.056310,0.005327
1.315000,0.522784,0.027841,-0.014797
1.316000,0.447253,0.006153,0.001449
1.317000,0.526749,0.004958,-0.001845
1.318000,0.558508,0.016261,0.007467
1.319000,0.555597,0.058796,0.003177
1.320000,0.533761,0.012374,0.010725
1.321000,0.606088,-0.048605,-0.007527
1.322000,0.573668,0.008658,-0.004299
1.323000,0.467711,0.043606,0.005604
1.324000,0.593394,-0.004242,0.009016
1.325000,0.576934,-0.066702,-0.010534
1.326000,0.512626,-0.026634,-0.004215
1.327000,0.469256,-0.006881,-0.009040
1.328000,0.440470,0.017917,0.001248
1.329000,0.545534,0.024280,0.004240
1.330000,0.535022,-0.042556,-0.004985
1.331000,0.512786,0.043488,0.006466
1.332000,0.490139,-0.008666,0.002499
1.333000,0.446208,0.039473,0.007723
1.334000,0.543216,0.046212,0.009979
1.335000,0.412359,0.010479,-0.014299
1.336000,0.455683,-0.006178,0.011830
1.337000,0.515404,0.010766,0.017856
1.338000,0.511212,-0.044178,-0.013939
1.339000,0.459394,0.005205,-0.015406
1.340000,0.520386,0.014369,-0.007200
1.341000,0.504844,0.024025,-0.006319
1.342000,0.534088,-0.033340,0.005875
1.343000,0.567805,0.014981,-0.012735
1.344000,0.504127,0.003771,-0.008612
1.345000,0.441412,-0.017752,0.008684
1.346000,0.538046,0.055815,-0.000449
1.347000,0.591388,-0.039360,0.004408
1.348000,0.488761,0.069376,0.000323
1.349000,0.451991,0.011250,-0.011220
1.350000,0.459426,0.043092,-0.000203
1.351000,0.539800,-0.040640,0.012968
1.352000,0.491845,-0.091051,-0.008957
1.353000,0.434995,-0.068092,0.005105
1.354000,0.517009,0.027483,-0.007373
1.355000,0.524734,-0.068290,-0.004829
1.356000,0.492615,-0.026529,0.001005
1.357000,0.498942,0.021915,0.003035
1.358000,0.544437,-0.022339,0.006515
1.359000,0.512907,0.011308,0.001337
1.360000,0.399687,0.089196,-0.009153
1.361000,0.462952,-0.014992,-0.013100
1.362000,0.581213,-0.028827,-0.006838
1.363000,0.461406,0.020330,0.013958
1.364000,0.512688,-0.036013,0.013228
1.365000,0.513191,-0.033605,-0.000720
1.366000,0.506109,0.011028,0.000016
1.367000,0.501113,0.086652,0.028337
1.368000,0.508048,-0.042666,-0.010502
1.369000,0.537824,-0.075547,-0.001818
1.370000,0.518372,0.008451,-0.004047
1.371000,0.585488,0.037039,-0.004708
1.372000,0.536435,-0.008557,-0.005163
1.373000,0.481040,0.055007,-0.005591
1.374000,0.496683,0.047449,0.003041
1.375000,0.511183,-0.030948,0.023309
1.376000,0.538065,-0.110178,0.013042
1.377000,0.440176,-0.063823,-0.006979
1.378000,0.558512,-0.012672,0.002106
1.379000,0.422316,0.050029,-0.002672
1.380000,0.440026,0.015110,0.004899
1.381000,0.503955,0.060073,0.005836
1.382000,0.569879,-0.002549,0.001096
1.383000,0.540199,0.053897,-0.003331
1.384000,0.587724,0.005366,0.000048
1.385000,0.520553,-0.039805,-0.016460
1.386000,0.595628,0.049506,-0.009240
1.387000,0.506377,0.029005,-0.004880
1.388000,0.566665,-0.023003,0.009924
1.389000,0.470674,0.023592,0.015499
1.390000,0.522069,-0.022704,0.002217
1.391000,0.533718,-0.019912,-0.003949
1.392000,0.581963,0.064982,-0.006633
1.393000,0.438676,-0.059701,-0.011148
1.394000,0.486791,-0.003522,-0.013838
1.395000,0.507191,-0.135049,0.001398
1.396000,0.574791,-0.056523,-0.028797
1.397000,0.507747,0.032593,-0.004084
1.398000,0.510640,0.060057,0.016894
1.399000,0.527818,-0.057495,0.001694
1.400000,0.453470,-0.000724,-0.002414
1.401000,0.473441,0.071225,-0.002277
1.402000,0.431110,0.017655,0.006861
1.403000,0.502375,-0.036044,-0.004324
1.404000,0.472610,-0.023476,-0.007018
1.405000,0.489718,-0.063068,0.002468
1.406000,0.463607,0.040800,0.003813
1.407000,0.570044,-0.063462,0.014112
1.408000,0.494578,0.028790,0.008898
1.409000,0.544711,0.002865,0.004546
1.410000,0.495735,0.033848,-0.008918
1.411000,0.518818,0.071608,0.020065
1.412000,0.549684,0.067978,0.005236
1.413000,0.549020,0.090477,-0.000543
1.414000,0.426143,-0.007922,0.001860
1.415000,0.461673,-0.055721,-0.004930
1.416000,0.442784,0.042454,0.017047
1.417000,0.531417,-0.064872,0.002071
1.418000,0.460075,0.013013,-0.008231
1.419000,0.545719,0.032670,-0.003206
1.420000,0.523466,0.002940,0.017274
1.421000,0.411545,0.019207,0.012430
1.422000,0.482938,-0.023216,0.001773
1.423000,0.457217,-0.024960,-0.010242
1.424000,0.491742,-0.097312,-0.006028
1.425000,0.525978,-0.017609,-0.004119
1.426000,0.541817,0.073394,-0.007372
1.427000,0.556050,-0.081428,-0.008458
1.428000,0.524924,0.011986,0.001191
1.429000,0.540231,-0.009430,0.007625
1.430000,0.477254,-0.029189,-0.018749
1.431000,0.531462,-0.040368,0.010075
1.432000,0.546968,-0.010336,0.000873
1.433000,0.509202,-0.009538,-0.014586
1.434000,0.567252,-0.026413,0.005295
1.435000,0.513553,0.013474,0.002189
1.436000,0.542427,-0.040504,0.009921
1.437000,0.507715,0.001825,-0.004151
1.438000,0.497888,0.026941,-0.011720
1.439000,0.419964,-0.012782,0.007021
1.440000,0.486089,0.063783,0.012960
1.441000,0.565241,0.067556,0.002636
1.442000,0.526373,-0.031729,-0.026855
1.443000,0.518858,-0.035899,-0.002012
1.444000,0.384386,0.041751,-0.002017
1.445000,0.472520,-0.053724,-0.008126
1.446000,0.460605,-0.045170,-0.014130
1.447000,0.490240,-0.015729,0.008594
1.448000,0.418525,-0.020738,-0.008914
1.449000,0.515858,-0.002437,0.008490
1.450000,0.585507,0.000050,0.005300
1.451000,0.465130,-0.005900,0.000249
1.452000,0.599493,-0.053009,-0.001341
1.453000,0.500905,-0.035089,0.003524
1.454000,0.500659,0.005560,-0.007222
1.455000,0.534171,-0.043282,-0.003721
1.456000,0.539417,0.065026,-0.007502
1.457000,0.528973,-0.003969,0.010440
1.458000,0.505185,0.078942,0.015326
1.459000,0.454728,-0.015201,-0.007505
1.460000,0.496241,-0.084533,-0.016737
1.461000,0.547438,0.015850,0.007535
1.462000,0.457917,-0.048894,-0.001936
1.463000,0.564326,0.003508,0.001830
1.464000,0.554787,0.017661,0.001820
1.465000,0.519881,-0.008870,0.015734
1.466000,0.495145,-0.033517,0.006816
1.467000,0.544036,-0.021945,0.007240
1.468000,0.550077,-0.155912,-0.017247
1.469000,0.518630,-0.043287,0.016864
1.470000,0.515074,-0.004726,0.000618
1.471000,0.482329,-0.029859,0.001218
1.472000,0.546653,-0.071965,0.002408
1.473000,0.479085,0.004005,-0.007518
1.474000,0.506691,-0.049874,-0.000203
1.475000,0.487891,-0.077463,0.004183
1.476000,0.369201,-0.017476,-0.014906
1.477000,0.511955,-0.015632,0.008170
1.478000,0.490599,-0.009907,0.011206
1.479000,0.478378,-0.001381,0.014263
1.480000,0.530790,0.092238,0.004591
1.481000,0.475363,0.049962,0.009223
1.482000,0.487295,0.025124,-0.000824
1.483000,0.523169,0.001517,-0.001299
1.484000,0.578557,0.021222,-0.013305
1.485000,0.509695,-0.013916,0.003130
1.486000,0.511161,0.017037,-0.016984
1.487000,0.427066,0.065151,-0.000266
1.488000,0.562244,0.024543,-0.005331
1.489000,0.421455,0.023814,0.005173
1.490000,0.581460,-0.009421,0.000761
1.491000,0.415894,-0.028230,0.002459
1.492000,0.483682,-0.040654,0.014178
1.493000,0.574552,-0.049687,0.000989
1.494000,0.480068,0.069069,0.002375
1.495000,0.527784,-0.043495,0.013275
1.496000,0.486094,0.086658,0.010925
1.497000,0.469719,0.024511,0.002434
1.498000,0.489706,0.034882,-0.000255
1.499000,0.501309,-0.029377,-0.007444
1.500000,0.503564,0.008312,0.010759
1.501000,0.436989,0.005232,0.015939
1.502000,0.468460,-0.048538,-0.009266
1.503000,0.536817,-0.058898,0.000195
1.504000,0.468871,-0.026769,-0.003063
1.505000,0.482577,-0.017098,-0.000540
1.506000,0.512511,-0.021096,0.004706
1.507000,0.477690,-0.021123,0.000419
1.508000,0.420166,-0.038189,-0.006680
1.509000,0.452422,-0.010772,-0.007332
1.510000,0.457613,0.047262,0.020825
1.511000,0.546235,0.013867,0.011240
1.512000,0.514615,-0.012126,0.001115
1.513000,0.484377,-0.102562,-0.008414
1.514000,0.461437,0.022495,-0.004810
1.515000,0.416281,-0.001330,0.002867
1.516000,0.535786,0.016946,0.023906
1.517000,0.459651,0.061271,0.009210
1.518000,0.470444,-0.005958,-0.007461
1.519000,0.494236,-0.020610,-0.004449
1.520000,0.499756,-0.048183,0.011245
1.521000,0.540847,-0.032342,0.008627
1.522000,0.451092,-0.082987,0.003149
1.523000,0.525424,-0.034392,0.005262
1.524000,0.591196,0.140127,-0.008729
1.525000,0.515195,-0.057149,0.028315
1.526000,0.479726,0.040004,0.000945
1.527000,0.450829,-0.009621,-0.013536
1.528000,0.470232,-0.012472,0.002249
1.529000,0.394326,-0.003052,0.025530
1.530000,0.455728,0.015158,-0.004232
1.531000,0.368719,-0.046304,-0.006835
1.532000,0.539399,-0.001632,-0.002203
1.533000,0.531316,0.006007,-0.001649
1.534000,0.531084,-0.064019,-0.002062
1.535000,0.558301,-0.099552,-0.007907
1.536000,0.507271,0.010658,-0.003363
1.537000,0.519999,-0.041240,0.009794
1.538000,0.509057,0.084437,0.008466
1.539000,0.525658,0.065873,-0.008032
1.540000,0.486360,-0.081414,0.008705
1.541000,0.576947,-0.022583,-0.012171
1.542000,0.552324,-0.034297,-0.005044
1.543000,0.571613,-0.016687,-0.001864
1.544000,0.574979,0.027486,-0.010640
1.545000,0.570022,-0.081003,0.010075
1.546000,0.522802,-0.024347,-0.007789
1.547000,0.448254,0.080428,0.001244
1.548000,0.470665,0.026697,0.012046
1.549000,0.514832,0.032422,0.009540
1.550000,0.502733,0.014727,-0.001154
1.551000,0.453839,-0.058938,0.004506
1.552000,0.467047,-0.000979,-0.002477
1.553000,0.545135,0.013023,0.003065
1.554000,0.486672,-0.006420,-0.003399
1.555000,0.511611,-0.080200,-0.000198
1.556000,0.517098,0.018293,-0.010775
1.557000,0.480411,-0.017713,-0.005400
1.558000,0.443395,-0.050538,0.000091
1.559000,0.517932,0.006884,-0.008715
1.560000,0.517908,-0.009247,-0.004955
1.561000,0.456958,-0.023694,0.007170
1.562000,0.491442,-0.005728,-0.010010
1.563000,0.629802,-0.105359,-0.020279
1.564000,0.475586,0.009276,0.017735
1.565000,0.523899,0.013993,0.009196
1.566000,0.504423,-0.090945,0.002548
1.567000,0.510108,0.100926,-0.007210
1.568000,0.558489,-0.063272,0.015328
1.569000,0.506168,0.038934,0.007038
1.570000,0.531530,0.004537,-0.006560
1.571000,0.492572,-0.035606,-0.001127
1.572000,0.425161,0.008012,0.009773
1.573000,0.555909,0.061115,0.001525
1.574000,0.492829,-0.011873,0.003924
1.575000,0.533358,0.015729,-0.013454
1.576000,0.564103,0.022211,0.009907
1.577000,0.502415,-0.012141,0.019375
1.578000,0.450235,-0.078527,0.019958
1.579000,0.511182,-0.019926,-0.005850
1.580000,0.406683,0.086860,0.007056
1.581000,0.523723,0.038361,-0.009147
1.582000,0.521323,0.050504,-0.022049
1.583000,0.527722,0.034752,0.001015
1.584000,0.458806,-0.007701,-0.004582
1.585000,0.516878,-0.024751,0.007644
1.586000,0.475888,-0.024182,0.011685
1.587000,0.492523,0.024729,-0.012974
1.588000,0.570747,-0.067551,0.000969
1.589000,0.489555,-0.035495,-0.002744
1.590000,0.557454,0.080891,-0.002366
1.591000,0.483372,-0.087356,0.017151
1.592000,0.450409,-0.042327,0.001048
1.593000,0.534146,0.070858,0.021746
1.594000,0.535066,-0.022336,-0.006568
1.595000,0.491697,0.037421,0.009549
1.596000,0.528698,-0.088124,-0.005662
1.597000,0.567761,-0.024798,-0.000803
1.598000,0.626843,-0.003439,0.014234
1.599000,0.585531,0.035268,-0.004349
1.600000,0.393940,-0.039955,0.006433
1.601000,0.527536,0.054531,-0.011059
1.602000,0.509278,-0.095365,-0.008828
1.603000,0.524622,-0.101512,0.008167
1.604000,0.585156,-0.066803,-0.002589
1.605000,0.579938,0.023288,0.003973
1.606000,0.505001,-0.063812,-0.001368
1.607000,0.559852,0.004046,0.007217
1.608000,0.483173,-0.040537,-0.004312
1.609000,0.451016,-0.063371,-0.000199
1.610000,0.489358,-0.043744,0.006961
1.611000,0.456665,0.019797,0.004984
1.612000,0.577495,0.015911,0.007896
1.613000,0.503475,-0.065458,0.008557
1.614000,0.578120,-0.005781,0.020938
1.615000,0.542975,0.093080,-0.001812
1.616000,0.458848,0.002604,-0.007262
1.617000,0.509232,-0.011240,0.001645
1.618000,0.495811,-0.045319,-0.005294
1.619000,0.559036,-0.002954,-0.013408
1.620000,0.406184,-0.014998,0.002788
1.621000,0.445100,-0.083141,0.005608
1.622000,0.648581,0.040563,-0.009966
1.623000,0.494527,-0.005528,-0.012718
1.624000,0.434683,-0.006641,0.007902
1.625000,0.511763,-0.031785,0.005094
1.626000,0.524247,-0.045711,-0.012178
1.627000,0.530012,0.052854,0.004054
1.628000,0.554854,0.068240,-0.015283
1.629000,0.522264,0.061215,0.011336
1.630000,0.566390,-0.027332,0.006817
1.631000,0.536110,-0.027825,0.001907
1.632000,0.438052,-0.039486,0.003276
1.633000,0.548909,-0.000037,0.015341
1.634000,0.569279,-0.045718,-0.001014
1.635000,0.476581,0.038295,0.007182
1.636000,0.463079,0.042986,-0.013207
1.637000,0.554790,-0.113463,-0.001791
1.638000,0.467070,0.031442,0.002526
1.639000,0.398056,-0.062584,-0.005871
1.640000,0.555066,0.075882,0.006820
1.641000,0.566191,-0.035032,0.004166
1.642000,0.505907,-0.050230,-0.003504
1.643000,0.483400,0.021216,0.004954
1.644000,0.474488,-0.024741,-0.019006
1.645000,0.523506,-0.004810,-0.000290
1.646000,0.525389,-0.023043,-0.009638
1.647000,0.471995,-0.015986,0.002176
1.648000,0.471818,-0.020503,-0.013296
1.649000,0.481040,-0.081268,-0.006608
1.650000,0.525118,0.007973,-0.001562
1.651000,0.489554,0.041878,-0.011784
1.652000,0.520572,-0.033328,0.002782
1.653000,0.492925,-0.025269,0.003123
1.654000,0.469940,-0.056422,-0.004830
1.655000,0.441635,0.006753,-0.006079
1.656000,0.441208,0.016945,0.004018
1.657000,0.491416,-0.013596,0.009133
1.658000,0.487386,0.012004,-0.011350
1.659000,0.525937,-0.006649,0.005182
1.660000,0.487295,-0.035026,-0.012020
1.661000,0.490403,-0.021370,-0.012972
1.662000,0.558188,0.047709,-0.020346
1.663000,0.400501,-0.070688,0.001565
1.664000,0.624652,-0.054976,-0.003172
1.665000,0.562003,-0.023041,0.011159
1.666000,0.543453,-0.001359,0.008821
1.667000,0.543536,-0.065258,-0.001746
1.668000,0.470735,0.001379,-0.012137
1.669000,0.453648,0.002595,-0.000073
1.670000,0.564453,0.009788,0.014324
1.671000,0.560954,0.052929,-0.035348
1.672000,0.464043,0.021559,-0.013232
1.673000,0.475444,0.031100,0.000475
1.674000,0.483771,0.080589,-0.004221
1.675000,0.551696,-0.002311,0.000992
1.676000,0.483322,-0.039102,-0.002216
1.677000,0.436473,0.028428,0.001131
1.678000,0.479528,0.036954,-0.010422
1.679000,0.408472,0.019604,-0.013774
1.680000,0.435095,0.007581,0.009663
1.681000,0.463783,-0.041503,0.015063
1.682000,0.434295,0.039443,0.004299
1.683000,0.466241,-0.006345,-0.008600
1.684000,0.469014,-0.007107,-0.007069
1.685000,0.423360,0.033137,-0.006043
1.686000,0.537056,-0.007162,0.028128
1.687000,0.525961,-0.062628,-0.013722
1.688000,0.458303,-0.019936,-0.016526
1.689000,0.447621,0.000704,-0.015631
1.690000,0.495350,0.010838,-0.010049
1.691000,0.528094,0.003957,0.010933
1.692000,0.530920,-0.009891,-0.001575
1.693000,0.521482,0.017572,-0.016928
1.694000,0.543100,-0.026095,0.011340
1.695000,0.508333,-0.030217,-0.000002
1.696000,0.567007,-0.034868,-0.017096
1.697000,0.488106,0.058583,0.015882
1.698000,0.548040,-0.098628,-0.002371
1.699000,0.477762,-0.008208,-0.010949
1.700000,0.487206,-0.055081,0.023201
1.701000,0.502788,-0.024073,-0.012395
1.702000,0.544558,0.027142,0.011620
1.703000,0.516124,-0.021793,-0.007279
1.704000,0.464444,-0.018843,0.006853
1.705000,0.474341,0.013223,0.007529
1.706000,0.478878,0.045516,0.004203
1.707000,0.517823,-0.001207,0.001734
1.708000,0.459976,-0.039003,0.002503
1.709000,0.541604,-0.010721,0.005021
1.710000,0.489260,-0.036414,0.000125
1.711000,0.517875,-0.032039,-0.005940
1.712000,0.476966,0.008514,-0.014750
1.713000,0.512760,0.012168,0.002054
1.714000,0.473849,0.013023,-0.011033
1.715000,0.464591,0.037169,-0.013286
1.716000,0.470019,-0.026876,0.006496
1.717000,0.433011,-0.027398,-0.010854
1.718000,0.577037,-0.012856,-0.005194
1.719000,0.505289,0.040191,-0.020730
1.720000,0.449718,0.010157,-0.006298
1.721000,0.432903,-0.032978,0.001566
1.722000,0.515150,0.091177,-0.016392
1.723000,0.431105,-0.056184,0.009729
1.724000,0.458324,-0.070654,0.008124
1.725000,0.465573,0.051881,0.002147
1.726000,0.469213,0.041578,0.008159
1.727000,0.569866,-0.019241,-0.003185
1.728000,0.568477,0.051706,0.002572
1.729000,0.460460,-0.048715,-0.014310
1.730000,0.453912,-0.009618,-0.011918
1.731000,0.533524,-0.119947,-0.008012
1.732000,0.468360,0.028316,0.005227
1.733000,0.442749,0.010640,-0.010444
1.734000,0.513557,-0.056741,0.001281
1.735000,0.568313,0.094904,0.010867
1.736000,0.452014,-0.024143,-0.009332
1.737000,0.471617,-0.081303,-0.006303
1.738000,0.551996,0.103936,0.004347
1.739000,0.509454,0.031306,-0.015806
1.740000,0.460658,0.037454,-0.002331
1.741000,0.482878,0.039735,-0.019067
1.742000,0.554296,-0.037776,0.005633
1.743000,0.500030,0.033886,0.009923
1.744000,0.452927,0.038951,0.005065
1.745000,0.566307,-0.024567,0.011876
1.746000,0.533895,-0.020565,0.010011
1.747000,0.482681,0.042479,-0.001004
1.748000,0.505029,0.003160,0.010140
1.749000,0.495966,0.027013,0.005997
1.750000,0.460031,0.042982,0.014729
1.751000,0.523761,0.018875,-0.008518
1.752000,0.559975,-0.071351,0.001441
1.753000,0.572094,-0.032050,0.005395
1.754000,0.466214,0.030631,-0.014150
1.755000,0.480823,-0.029667,0.001015
1.756000,0.420865,0.070126,0.003101
1.757000,0.477261,0.069264,-0.000238
1.758000,0.511931,0.013410,0.015908
1.759000,0.507327,-0.049667,0.000894
1.760000,0.519529,-0.001202,-0.006496
1.761000,0.462405,-0.078937,0.004811
1.762000,0.461182,-0.029888,0.005095
1.763000,0.550202,-0.048172,-0.003513
1.764000,0.481675,0.023531,-0.010400
1.765000,0.462682,0.019539,-0.006032
1.766000,0.452153,-0.000520,-0.009163
1.767000,0.487277,0.059718,-0.001767
1.768000,0.493623,-0.021888,-0.015212
1.769000,0.508248,0.047304,0.012626
1.770000,0.632733,-0.013744,0.002018
1.771000,0.448831,0.086149,0.009915
1.772000,0.544691,0.027754,-0.001327
1.773000,0.381946,0.058149,0.006677
1.774000,0.511985,-0.038444,0.008675
1.775000,0.513894,0.009329,-0.011069
1.776000,0.447808,-0.004161,-0.001061
1.777000,0.451620,0.080688,-0.004386
1.778000,0.496958,0.012099,0.014721
1.779000,0.463943,-0.008639,-0.012745
1.780000,0.548790,0.019822,0.001585
1.781000,0.513229,0.084474,-0.001101
1.782000,0.472840,-0.026928,0.010310
1.783000,0.527359,0.022336,-0.006484
1.784000,0.525421,0.027951,0.001061
1.785000,0.493871,0.022025,0.003995
1.786000,0.477676,-0.014518,-0.017152
1.787000,0.527792,-0.005105,0.015495
1.788000,0.416998,0.007889,0.005930
1.789000,0.467503,0.022467,0.002832
1.790000,0.524631,-0.010854,-0.031768
1.791000,0.503763,0.004377,-0.007312
1.792000,0.438351,0.024326,0.003964
1.793000,0.573463,-0.037516,0.011855
1.794000,0.500796,-0.023085,0.004992
1.795000,0.540772,-0.024431,0.015704
1.796000,0.500875,-0.057358,-0.011387
1.797000,0.549865,-0.025721,0.000890
1.798000,0.504929,-0.005230,0.009794
1.799000,0.477583,-0.051619,-0.023014
1.800000,0.494489,-0.012283,0.012383
1.801000,0.467247,0.047597,-0.002890
1.802000,0.580041,-0.045294,-0.004012
1.803000,0.531568,0.055283,0.008439
1.804000,0.437894,0.050625,-0.000093
1.805000,0.424264,-0.025994,-0.003484
1.806000,0.462823,0.060747,0.005369
1.807000,0.553001,-0.040944,-0.016701
1.808000,0.521033,0.001584,0.008632
1.809000,0.530708,0.007251,0.008012
1.810000,0.503567,0.009544,0.019785
1.811000,0.559992,-0.048933,-0.015820
1.812000,0.563137,-0.020300,-0.001316
1.813000,0.477293,0.015216,-0.004139
1.814000,0.444629,-0.083032,-0.023919
1.815000,0.450962,0.056970,-0.009377
1.816000,0.498906,0.052169,0.013139
1.817000,0.474089,0.033089,-0.003755
1.818000,0.409830,0.044537,0.001101
1.819000,0.459202,0.009583,0.003336
1.820000,0.507745,-0.045037,-0.001747
1.821000,0.514213,0.035066,-0.002159
1.822000,0.449612,0.019740,0.012370
1.823000,0.472297,0.023532,0.010483
1.824000,0.549231,0.062548,0.002834
1.825000,0.565482,0.062905,-0.008274
1.826000,0.514422,0.010940,-0.006845
1.827000,0.484686,-0.093405,0.007104
1.828000,0.539488,0.053536,0.013487
1.829000,0.471860,-0.007442,0.015436
1.830000,0.550223,-0.034308,-0.023604
1.831000,0.489354,-0.049703,0.000626
1.832000,0.545162,-0.067316,0.002748
1.833000,0.443446,0.115474,0.000516
1.834000,0.522104,-0.048566,-0.021328
1.835000,0.455397,-0.044504,0.011726
1.836000,0.446619,0.038470,0.004215
1.837000,0.494811,-0.115662,-0.005497
1.838000,0.545156,0.024994,0.001496
1.839000,0.433159,0.005863,0.002537
1.840000,0.477387,0.020148,-0.007103
1.841000,0.406605,-0.029921,-0.006903
1.842000,0.556705,0.033469,-0.000506
1.843000,0.474566,0.025968,0.014941
1.844000,0.455015,-0.029730,0.011508
1.845000,0.522367,-0.020396,0.011553
1.846000,0.525659,-0.043857,0.002747
1.847000,0.499665,0.076877,0.006074
1.848000,0.522491,0.006201,0.005210
1.849000,0.435381,-0.067655,0.003893
1.850000,0.518594,-0.018769,-0.019981
1.851000,0.449399,0.025018,0.001269
1.852000,0.470166,-0.043214,0.002665
1.853000,0.492983,-0.007412,-0.005044
1.854000,0.506989,0.013151,-0.006263
1.855000,0.577343,-0.027388,0.001663
1.856000,0.427826,-0.046469,0.009205
1.857000,0.533790,0.009986,-0.006725
1.858000,0.516450,-0.046189,0.010700
1.859000,0.377710,-0.017909,-0.007972
1.860000,0.560234,-0.009209,0.012374
1.861000,0.567247,0.021154,-0.016380
1.862000,0.464933,-0.023220,0.004005
1.863000,0.517660,-0.061849,0.007846
1.864000,0.452799,-0.016462,0.002574
1.865000,0.493963,0.072978,0.011394
1.866000,0.438642,-0.052365,0.011498
1.867000,0.505270,0.029230,0.000251
1.868000,0.557242,0.035895,0.007865
1.869000,0.468521,0.028256,-0.016102
1.870000,0.488801,-0.029559,-0.007767
1.871000,0.456423,-0.093388,0.012384
1.872000,0.490102,-0.008245,0.005012
1.873000,0.549549,0.062185,-0.004316
1.874000,0.508744,-0.042114,0.007328
1.875000,0.500979,0.042289,0.008273
1.876000,0.536362,0.024941,0.000870
1.877000,0.442194,0.015308,0.016834
1.878000,0.479816,-0.031509,0.006181
1.879000,0.577884,-0.048427,-0.024159
1.880000,0.471400,0.004638,-0.001428
1.881000,0.487892,-0.023383,-0.006469
1.882000,0.461522,0.016745,0.005725
1.883000,0.426255,0.073586,0.004415
1.884000,0.525769,-0.013158,0.002548
1.885000,0.447733,0.073655,0.014149
1.886000,0.488858,-0.061344,-0.003058
1.887000,0.527505,-0.018318,-0.007956
1.888000,0.507483,-0.040648,0.013353
1.889000,0.543983,0.030878,-0.007079
1.890000,0.509622,0.051605,-0.020931
1.891000,0.509569,0.065413,0.018115
1.892000,0.455783,0.012849,0.010443
1.893000,0.556092,-0.085575,-0.020096
1.894000,0.507177,0.023180,-0.001246
1.895000,0.484749,0.059450,0.014775
1.896000,0.472453,0.007336,-0.011569
1.897000,0.580730,-0.065321,-0.010701
1.898000,0.458609,-0.048772,0.012776
1.899000,0.607996,0.012126,-0.003361
1.900000,0.533574,-0.042192,0.013378
1.901000,0.498304,0.019563,-0.006913
1.902000,0.490491,-0.075340,0.000187
1.903000,0.541412,-0.086128,-0.010098
1.904000,0.477851,-0.014405,-0.000903
1.905000,0.497903,0.013198,-0.000355
1.906000,0.421762,0.014592,0.012034
1.907000,0.512004,-0.082496,0.002323
1.908000,0.522112,-0.046017,0.000762
1.909000,0.559376,0.075236,0.001265
1.910000,0.523605,-0.007681,-0.004098
1.911000,0.564426,0.044771,0.006170
1.912000,0.475507,0.068253,0.010405
1.913000,0.439915,0.050638,0.001683
1.914000,0.512954,-0.093828,-0.014631
1.915000,0.546029,-0.035678,0.008124
1.916000,0.438264,-0.068624,0.019108
1.917000,0.542303,-0.005971,0.002237
1.918000,0.467038,0.016560,0.011794
1.919000,0.480673,0.022590,-0.016922
1.920000,0.583802,0.046730,-0.000300
1.921000,0.484443,0.065636,-0.005048
1.922000,0.517200,-0.014601,-0.009227
1.923000,0.548323,-0.019175,0.004642
1.924000,0.483844,-0.006255,-0.001711
1.925000,0.469538,0.034112,-0.000868
1.926000,0.540132,0.034740,0.012223
1.927000,0.477136,0.030874,-0.001744
1.928000,0.498959,-0.033233,-0.004744
1.929000,0.529313,-0.015909,-0.007295
1.930000,0.539460,0.016598,-0.012185
1.931000,0.504917,0.052481,0.010962
1.932000,0.475013,-0.051667,-0.003656
1.933000,0.562523,0.034596,-0.022937
1.934000,0.539946,-0.103167,0.019326
1.935000,0.539324,-0.018355,0.001069
1.936000,0.530749,-0.022952,0.004635
1.937000,0.493974,-0.011667,0.015250
1.938000,0.405163,0.002188,-0.013931
1.939000,0.491529,-0.032939,0.025463
1.940000,0.476080,-0.006372,-0.006184
1.941000,0.541372,-0.023730,-0.006550
1.942000,0.587005,0.036327,0.002690
1.943000,0.612217,-0.029445,-0.008126
1.944000,0.463089,0.055967,-0.006188
1.945000,0.555367,-0.029279,-0.018147
1.946000,0.462711,0.013357,0.011923
1.947000,0.560535,0.017044,0.006841
1.948000,0.376989,0.012218,0.000385
1.949000,0.485627,-0.030976,0.008797
1.950000,0.552995,0.091387,-0.001948
1.951000,0.462970,0.087696,-0.003204
1.952000,0.475783,-0.064529,0.004201
1.953000,0.528175,0.039241,0.002231
1.954000,0.525311,0.025784,0.005144
1.955000,0.554817,0.039654,0.001888
1.956000,0.475010,0.037351,-0.005771
1.957000,0.493131,-0.033316,0.021329
1.958000,0.454824,0.030884,0.006763
1.959000,0.540759,-0.001843,0.000839
1.960000,0.490844,-0.126435,-0.007642
1.961000,0.563450,-0.037970,0.001350
1.962000,0.622693,-0.045037,-0.005046
1.963000,0.488275,-0.092963,-0.008683
1.964000,0.433543,0.025300,-0.002471
1.965000,0.400802,0.037685,0.009721
1.966000,0.483175,0.044038,0.005874
1.967000,0.457466,0.013083,0.001847
1.968000,0.461152,-0.047756,0.004079
1.969000,0.607301,-0.001734,0.002103
1.970000,0.450950,-0.012074,-0.002023
1.971000,0.482476,-0.030507,-0.000487
1.972000,0.473813,0.057749,0.020499
1.973000,0.464585,-0.016914,0.004336
1.974000,0.527123,-0.035515,-0.005708
1.975000,0.527287,-0.076210,0.022151
1.976000,0.514022,-0.014146,-0.001503
1.977000,0.450069,0.083847,-0.000839
1.978000,0.479761,0.081731,0.010319
1.979000,0.490956,0.020293,-0.003322
1.980000,0.483151,-0.010278,0.002974
1.981000,0.550931,0.091989,-0.021726
1.982000,0.608028,0.047650,0.000165
1.983000,0.479995,-0.086898,0.011944
1.984000,0.449083,0.030322,-0.004147
1.985000,0.424376,0.019463,0.004863
1.986000,0.456469,0.039976,0.018054
1.987000,0.522824,0.020067,-0.007338
1.988000,0.451652,-0.018890,0.000690
1.989000,0.500546,-0.009252,0.024917
1.990000,0.526568,-0.045415,-0.012006
1.991000,0.419127,-0.046961,0.005787
1.992000,0.486731,-0.032230,0.005896
1.993000,0.525548,0.017276,-0.000132
1.994000,0.498291,-0.061338,-0.018452
1.995000,0.462488,-0.036687,-0.008189
1.996000,0.491943,-0.022051,-0.013046
1.997000,0.495214,0.015630,-0.004925
1.998000,0.538101,0.014674,0.003894
1.999000,0.482624,0.019234,0.006825
2.000000,0.410258,0.049694,-0.005111
2.001000,0.030265,0.292916,0.395659
2.002000,-0.079193,0.393297,0.401815
2.003000,0.018611,0.401162,0.387475
2.004000,0.060119,0.337622,0.396637
2.005000,-0.036772,0.372171,0.385969
2.006000,0.049699,0.434906,0.400716
2.007000,-0.007675,0.355544,0.398899
2.008000,-0.043359,0.404218,0.403937
2.009000,-0.012777,0.418758,0.405836
2.010000,0.035990,0.492057,0.385723
2.011000,-0.058995,0.343609,0.398022
2.012000,-0.075931,0.375522,0.408381
2.013000,0.032002,0.476462,0.408536
2.014000,0.045041,0.375588,0.396419
2.015000,0.038641,0.440133,0.380836
2.016000,-0.066994,0.354706,0.391400
2.017000,0.058719,0.484198,0.403299
2.018000,0.013128,0.490524,0.404487
2.019000,0.023124,0.417527,0.403743
2.020000,0.059715,0.433976,0.400854
2.021000,-0.021489,0.412284,0.383373
2.022000,0.018070,0.406051,0.403208
2.023000,-0.057330,0.421988,0.401831
2.024000,-0.004008,0.417403,0.391704
2.025000,-0.071588,0.421305,0.377982
2.026000,0.023677,0.496356,0.403708
2.027000,0.035549,0.475895,0.410442
2.028000,0.101598,0.359654,0.396588
2.029000,0.018001,0.325054,0.399936
2.030000,-0.001537,0.460548,0.410672
2.031000,0.030842,0.432582,0.400614
2.032000,0.008629,0.435498,0.410117
2.033000,-0.038570,0.421081,0.399247
2.034000,0.007070,0.453864,0.397494
2.035000,-0.048331,0.357786,0.394268
2.036000,0.022750,0.392452,0.394020
2.037000,0.030184,0.407599,0.407006
2.038000,0.096090,0.487667,0.403449
2.039000,0.009682,0.451958,0.412779
2.040000,-0.022903,0.343167,0.408629
2.041000,0.004067,0.428533,0.405429
2.042000,-0.039052,0.376420,0.410713
2.043000,-0.014238,0.363788,0.397246
2.044000,0.011614,0.376407,0.417374
2.045000,0.030745,0.330817,0.402295
2.046000,0.065779,0.553468,0.395292
2.047000,-0.006213,0.337039,0.405563
2.048000,0.014751,0.413303,0.389158
2.049000,0.028658,0.485167,0.413587
2.050000,0.009007,0.397763,0.408983
2.051000,-0.014566,0.282475,0.382822
2.052000,0.055482,0.461997,0.398746
2.053000,-0.045455,0.386145,0.387139
2.054000,-0.020296,0.481375,0.393744
2.055000,-0.045597,0.337591,0.402057
2.056000,-0.052990,0.430359,0.396914
2.057000,0.069246,0.427606,0.404770
2.058000,-0.074565,0.401217,0.403038
2.059000,0.006665,0.416625,0.401226
2.060000,-0.063762,0.288131,0.388838
2.061000,0.037561,0.437314,0.411424
2.062000,0.005499,0.410642,0.400173
2.063000,-0.089386,0.408365,0.393524
2.064000,-0.038417,0.354102,0.399328
2.065000,0.032326,0.437271,0.390292
2.066000,0.000865,0.396604,0.379888
2.067000,0.033168,0.369965,0.405804
2.068000,-0.047525,0.436244,0.412484
2.069000,0.001279,0.425317,0.393465
2.070000,-0.025791,0.347998,0.410527
2.071000,0.043981,0.377723,0.400379
2.072000,-0.042378,0.339147,0.394853
2.073000,-0.067214,0.309768,0.402960
2.074000,-0.058000,0.398083,0.373422
2.075000,-0.007719,0.367829,0.393747
2.076000,0.028489,0.394330,0.402991
2.077000,-0.009677,0.422399,0.392084
2.078000,-0.012866,0.389161,0.407089
2.079000,-0.039299,0.435047,0.405284
2.080000,-0.039673,0.433796,0.396008
2.081000,-0.042577,0.362752,0.389255
2.082000,0.001515,0.390851,0.396930
2.083000,0.026607,0.440998,0.401098
2.084000,-0.103311,0.422547,0.380412
2.085000,-0.054964,0.392492,0.415347
2.086000,-0.129048,0.328736,0.392846
2.087000,0.018389,0.324042,0.391999
2.088000,0.042493,0.440978,0.393921
2.089000,0.033076,0.403914,0.390931
2.090000,-0.047434,0.370750,0.389213
2.091000,0.006940,0.446922,0.385598
2.092000,0.016433,0.351348,0.399274
2.093000,-0.000605,0.447089,0.399760
2.094000,-0.003312,0.475713,0.416153
2.095000,0.033946,0.434827,0.405082
2.096000,0.061049,0.434208,0.393221
2.097000,-0.010424,0.419015,0.386073
2.098000,-0.042405,0.479477,0.388630
2.099000,0.008034,0.414455,0.409651
2.100000,-0.051996,0.363751,0.400532
2.101000,-0.045259,0.471902,0.401818
2.102000,0.023518,0.353536,0.405902
2.103000,0.099486,0.397312,0.388790
2.104000,0.036483,0.377789,0.387115
2.105000,-0.069098,0.344878,0.405227
2.106000,-0.056340,0.359427,0.396280
2.107000,0.002846,0.441247,0.412329
2.108000,-0.032575,0.447110,0.392126
2.109000,0.062293,0.428674,0.402657
2.110000,-0.091322,0.445132,0.395322
2.111000,-0.046042,0.361628,0.393938
2.112000,0.005197,0.419681,0.400520
2.113000,0.069213,0.341711,0.402861
2.114000,-0.079873,0.426010,0.405734
2.115000,-0.011927,0.423327,0.405846
2.116000,0.004110,0.335395,0.408775
2.117000,0.062785,0.452041,0.397398
2.118000,0.072730,0.411262,0.411724
2.119000,0.012877,0.466869,0.384078
2.120000,-0.055919,0.424134,0.397610
2.121000,-0.036113,0.469694,0.394389
2.122000,-0.004976,0.417246,0.397737
2.123000,-0.127146,0.313132,0.397415
2.124000,0.082707,0.366216,0.399764
2.125000,0.076814,0.401486,0.405093
2.126000,-0.005505,0.360734,0.391421
2.127000,-0.043535,0.399343,0.392664
2.128000,-0.043298,0.411781,0.411995
2.129000,0.089294,0.366586,0.402844
2.130000,-0.066337,0.370876,0.382797
2.131000,0.059517,0.379842,0.409597
2.132000,-0.070015,0.290571,0.417082
2.133000,-0.096275,0.351555,0.412027
2.134000,-0.017118,0.390982,0.413349
2.135000,-0.034583,0.436882,0.387634
2.136000,0.044795,0.373737,0.401787
2.137000,-0.055178,0.361768,0.397202
2.138000,0.020753,0.388208,0.401945
2.139000,-0.044022,0.461173,0.385350
2.140000,-0.100229,0.465372,0.378387
2.141000,0.057653,0.398869,0.404347
2.142000,-0.007523,0.368973,0.405178
2.143000,0.072053,0.456306,0.392877
2.144000,0.034796,0.345021,0.397817
2.145000,-0.016256,0.457390,0.386148
2.146000,0.025676,0.380352,0.383615
2.147000,0.023045,0.380148,0.379965
2.148000,0.013544,0.321057,0.396221
2.149000,-0.076079,0.361785,0.410890
2.150000,0.005698,0.329342,0.397746
2.151000,-0.020827,0.462579,0.404606
2.152000,-0.080444,0.339413,0.406639
2.153000,0.011202,0.371516,0.393739
2.154000,-0.000772,0.412919,0.373699
2.155000,-0.037262,0.437746,0.385159
2.156000,0.015705,0.341386,0.402322
2.157000,-0.064307,0.324291,0.402209
2.158000,-0.029873,0.470197,0.408316
2.159000,-0.099157,0.414658,0.409813
2.160000,0.014039,0.485931,0.419532
2.161000,-0.058463,0.417442,0.424013
2.162000,0.033701,0.368183,0.384752
2.163000,-0.098309,0.429877,0.398924
2.164000,-0.034601,0.372383,0.391396
2.165000,0.002447,0.398058,0.404310
2.166000,-0.102555,0.482586,0.411788
2.167000,0.023248,0.303329,0.408905
2.168000,-0.093399,0.419270,0.411628
2.169000,0.022977,0.433079,0.418527
2.170000,-0.019348,0.361726,0.394722
2.171000,-0.026293,0.438292,0.389372
2.172000,0.010572,0.398122,0.395402
2.173000,-0.070957,0.377323,0.403054
2.174000,-0.036728,0.434336,0.383884
2.175000,-0.096200,0.350996,0.411093
2.176000,-0.034461,0.400961,0.405918
2.177000,0.002375,0.374371,0.385727
2.178000,-0.044987,0.328092,0.399329
2.179000,-0.064126,0.412558,0.401961
2.180000,-0.045560,0.428700,0.428369
2.181000,-0.114613,0.512047,0.390272
2.182000,-0.091954,0.354436,0.407339
2.183000,-0.019072,0.370298,0.394203
2.184000,-0.064604,0.426645,0.412549
2.185000,-0.041304,0.367516,0.396238
2.186000,-0.136930,0.396577,0.403829
2.187000,-0.046922,0.375616,0.411212
2.188000,-0.015329,0.417114,0.405031
2.189000,-0.023401,0.460173,0.386304
2.190000,-0.031679,0.292851,0.395795
2.191000,0.062803,0.339288,0.388968
2.192000,-0.034026,0.439190,0.406802
2.193000,-0.055997,0.477986,0.399420
2.194000,0.022093,0.473130,0.390169
2.195000,-0.100563,0.423922,0.401862
2.196000,-0.029597,0.411455,0.398996
2.197000,0.041289,0.258924,0.412708
2.198000,-0.019458,0.393030,0.390251
2.199000,0.025662,0.344963,0.401082
2.200000,0.021092,0.321947,0.403161
2.201000,-0.017525,0.418775,0.395349
2.202000,-0.004903,0.447220,0.396996
2.203000,0.064613,0.346032,0.393214
2.204000,0.023480,0.388802,0.390631
2.205000,-0.053392,0.469323,0.407939
2.206000,-0.075871,0.311717,0.414922
2.207000,-0.021514,0.379183,0.390924
2.208000,-0.129500,0.337363,0.403003
2.209000,-0.056224,0.475359,0.409190
2.210000,-0.060966,0.355670,0.412902
2.211000,-0.050931,0.521761,0.400965
2.212000,-0.097232,0.303848,0.392645
2.213000,0.033339,0.387266,0.374998
2.214000,-0.063133,0.385253,0.413699
2.215000,-0.014093,0.391757,0.403029
2.216000,0.069092,0.447985,0.392585
2.217000,-0.002708,0.451361,0.423295
2.218000,-0.021348,0.383654,0.403576
2.219000,-0.057056,0.405699,0.391950
2.220000,-0.033923,0.330896,0.408440
2.221000,0.001975,0.321860,0.407471
2.222000,-0.061400,0.464357,0.410044
2.223000,0.015074,0.426120,0.389569
2.224000,-0.132272,0.404918,0.387273
2.225000,-0.026981,0.329365,0.407812
2.226000,-0.011974,0.339063,0.390353
2.227000,-0.016410,0.439740,0.402299
2.228000,-0.068570,0.406082,0.397736
2.229000,-0.061313,0.333009,0.400414
2.230000,-0.074699,0.392568,0.379862
2.231000,0.002135,0.372382,0.400795
2.232000,0.032855,0.470763,0.406619
2.233000,-0.084585,0.394377,0.403001
2.234000,-0.024716,0.405000,0.408204
2.235000,-0.006779,0.455151,0.408227
2.236000,-0.069883,0.383601,0.399874
2.237000,-0.018518,0.375543,0.399894
2.238000,-0.053318,0.373539,0.404128
2.239000,0.004283,0.480834,0.410227
2.240000,-0.056451,0.457500,0.385696
2.241000,-0.019028,0.372350,0.394492
2.242000,0.053632,0.378786,0.402460
2.243000,-0.011205,0.397145,0.386390
2.244000,-0.023577,0.382386,0.398942
2.245000,-0.040077,0.419515,0.404108
2.246000,-0.109791,0.408505,0.417641
2.247000,-0.128055,0.355178,0.393101
2.248000,-0.131859,0.313120,0.390406
2.249000,0.013811,0.381145,0.390672
2.250000,-0.047606,0.420961,0.404854
2.251000,-0.037980,0.521081,0.402645
2.252000,-0.019949,0.373500,0.391385
2.253000,-0.094439,0.338162,0.405507
2.254000,-0.032899,0.368825,0.396491
2.255000,0.008681,0.388496,0.400342
2.256000,-0.027292,0.421241,0.392438
2.257000,-0.155507,0.307371,0.403532
2.258000,-0.067894,0.382171,0.382828
2.259000,-0.078467,0.403623,0.400395
2.260000,-0.091569,0.344339,0.419270
2.261000,-0.053164,0.392960,0.386584
2.262000,-0.078043,0.385118,0.388497
2.263000,-0.037652,0.344221,0.392556
2.264000,-0.079155,0.320764,0.384217
2.265000,-0.036591,0.350032,0.398147
2.266000,-0.049117,0.413383,0.408124
2.267000,-0.072631,0.344339,0.401948
2.268000,-0.002851,0.381858,0.399336
2.269000,-0.051844,0.390713,0.406348
2.270000,-0.061778,0.425984,0.404144
2.271000,0.056886,0.364314,0.411501
2.272000,-0.005950,0.340970,0.405661
2.273000,-0.015003,0.369499,0.375389
2.274000,-0.008930,0.337519,0.398276
2.275000,-0.126324,0.425402,0.381641
2.276000,-0.071259,0.371518,0.399931
2.277000,-0.113081,0.419134,0.404837
2.278000,-0.061142,0.384516,0.372470
2.279000,0.030260,0.387180,0.406470
2.280000,-0.036057,0.400303,0.406888
2.281000,-0.074475,0.445099,0.415752
2.282000,-0.035543,0.390375,0.409775
2.283000,-0.025820,0.380213,0.396585
2.284000,-0.039385,0.433085,0.394964
2.285000,-0.008616,0.488912,0.405927
2.286000,-0.048445,0.424075,0.395579
2.287000,-0.097760,0.362293,0.386305
2.288000,-0.001129,0.375358,0.381495
2.289000,-0.022241,0.414423,0.403037
2.290000,-0.108548,0.345538,0.417619
2.291000,-0.074448,0.418707,0.401230
2.292000,-0.110939,0.328912,0.404954
2.293000,-0.061064,0.384339,0.410418
2.294000,-0.122292,0.394656,0.411714
2.295000,-0.007734,0.384597,0.404693
2.296000,-0.018069,0.356689,0.385223
2.297000,-0.007058,0.399889,0.418192
2.298000,-0.077377,0.443712,0.408302
2.299000,-0.024677,0.398699,0.390546
2.300000,-0.061329,0.374382,0.400231
2.301000,-0.096582,0.408759,0.417822
2.302000,-0.088908,0.422010,0.381092
2.303000,-0.024908,0.409478,0.390893
2.304000,-0.022746,0.402116,0.418082
2.305000,-0.043280,0.415610,0.398540
2.306000,-0.100901,0.518255,0.401826
2.307000,-0.034636,0.401151,0.385332
2.308000,-0.112287,0.319261,0.413210
2.309000,-0.025823,0.381571,0.385691
2.310000,-0.087990,0.392319,0.387662
2.311000,-0.008892,0.359726,0.397184
2.312000,-0.054330,0.295313,0.408092
2.313000,-0.047945,0.294013,0.396091
2.314000,-0.065512,0.348943,0.403488
2.315000,0.005895,0.413174,0.385889
2.316000,-0.081817,0.305006,0.402006
2.317000,-0.096886,0.409820,0.408012
2.318000,-0.009758,0.406651,0.397442
2.319000,-0.126194,0.498433,0.422090
2.320000,-0.055271,0.417014,0.388498
2.321000,-0.069136,0.398142,0.394100
2.322000,0.030503,0.411380,0.393788
2.323000,-0.070385,0.408211,0.384082
2.324000,-0.029133,0.395022,0.408985
2.325000,-0.035190,0.366456,0.393302
2.326000,0.012600,0.416763,0.405957
2.327000,-0.024414,0.392587,0.389050
2.328000,0.031483,0.387783,0.412883
2.329000,-0.056504,0.448266,0.391338
2.330000,-0.113740,0.383744,0.395176
2.331000,-0.021925,0.412698,0.384536
2.332000,-0.087316,0.331633,0.392514
2.333000,-0.057316,0.367794,0.411665
2.334000,-0.033687,0.357143,0.412875
2.335000,-0.010942,0.405735,0.396357
2.336000,0.036626,0.433727,0.389250
2.337000,-0.046108,0.357851,0.408948
2.338000,-0.101629,0.366943,0.393824
2.339000,-0.031595,0.347733,0.400077
2.340000,-0.154144,0.436078,0.373143
2.341000,-0.046038,0.408123,0.395006
2.342000,-0.003277,0.449008,0.410733
2.343000,-0.001819,0.411690,0.396204
2.344000,-0.042484,0.447673,0.399471
2.345000,-0.166578,0.318343,0.418024
2.346000,-0.093342,0.367984,0.409445
2.347000,-0.013500,0.422355,0.401445
2.348000,-0.154087,0.499551,0.396211
2.349000,-0.004843,0.402923,0.394647
2.350000,-0.068110,0.388464,0.416509
2.351000,-0.115994,0.414743,0.418062
2.352000,-0.079708,0.397934,0.388256
2.353000,0.020385,0.343508,0.406459
2.354000,-0.147800,0.356108,0.402222
2.355000,-0.108282,0.384316,0.386598
2.356000,-0.052500,0.341181,0.389394
2.357000,-0.044438,0.307562,0.406310
2.358000,-0.094933,0.470414,0.394746
2.359000,-0.098143,0.401131,0.409973
2.360000,-0.170570,0.366235,0.412576
2.361000,-0.105800,0.339326,0.384089
2.362000,-0.073686,0.337611,0.404483
2.363000,-0.127629,0.373836,0.398076
2.364000,-0.086227,0.384908,0.390367
2.365000,-0.099463,0.453115,0.404239
2.366000,-0.038572,0.445027,0.404036
2.367000,-0.072595,0.422879,0.397543
2.368000,0.022659,0.405622,0.400463
2.369000,0.014019,0.434243,0.392969
2.370000,-0.036604,0.336308,0.397525
2.371000,-0.050847,0.402354,0.398345
2.372000,-0.103614,0.414368,0.405555
2.373000,-0.090708,0.394743,0.404930
2.374000,-0.036583,0.412250,0.404745
2.375000,-0.031542,0.429402,0.404570
2.376000,-0.083455,0.411289,0.393326
2.377000,-0.087150,0.411599,0.400590
2.378000,-0.091593,0.421713,0.392442
2.379000,-0.038834,0.333746,0.413219
2.380000,-0.037753,0.417173,0.400178
2.381000,-0.122371,0.317938,0.400737
2.382000,-0.078013,0.410768,0.410380
2.383000,-0.041573,0.350880,0.406343
2.384000,-0.089441,0.414150,0.405978
2.385000,-0.085389,0.463411,0.396589
2.386000,-0.060018,0.454619,0.401871
2.387000,-0.100230,0.379213,0.402315
2.388000,-0.082335,0.371775,0.409472
2.389000,-0.070867,0.476239,0.398391
2.390000,-0.109510,0.383953,0.409312
2.391000,-0.089100,0.447340,0.400070
2.392000,-0.043951,0.361558,0.400325
2.393000,-0.062762,0.444069,0.395345
2.394000,-0.135331,0.343935,0.393210
2.395000,-0.033209,0.353627,0.390205
2.396000,-0.077133,0.394295,0.399126
2.397000,-0.122850,0.380594,0.409527
2.398000,-0.045016,0.412975,0.392408
2.399000,-0.076529,0.337013,0.405693
2.400000,-0.024329,0.384348,0.396210
2.401000,-0.102549,0.389543,0.416673
2.402000,-0.097337,0.405294,0.409091
2.403000,-0.068604,0.334104,0.403381
2.404000,0.006787,0.402119,0.399612
2.405000,-0.066761,0.295934,0.403163
2.406000,-0.086968,0.352486,0.412334
2.407000,-0.109055,0.399458,0.387609
2.408000,-0.049229,0.329428,0.402216
2.409000,-0.059564,0.429119,0.387018
2.410000,-0.085554,0.356526,0.407205
2.411000,-0.145845,0.376599,0.404863
2.412000,-0.057399,0.323374,0.411131
2.413000,-0.062909,0.441230,0.395771
2.414000,-0.064158,0.403902,0.395616
2.415000,0.036942,0.382064,0.403383
2.416000,-0.096041,0.368843,0.398532
2.417000,-0.099580,0.350527,0.400369
2.418000,-0.085806,0.493588,0.398171
2.419000,-0.097306,0.423298,0.417499
2.420000,-0.141386,0.451667,0.389411
2.421000,-0.089759,0.329837,0.395306
2.422000,-0.131608,0.366272,0.396627
2.423000,-0.074040,0.406328,0.402646
2.424000,-0.071043,0.454802,0.401679
2.425000,-0.011485,0.400569,0.393607
2.426000,-0.130871,0.264510,0.395674
2.427000,-0.121620,0.393310,0.412814
2.428000,-0.173122,0.425682,0.384851
2.429000,-0.154421,0.498504,0.407566
2.430000,-0.206645,0.456720,0.397728
2.431000,0.000943,0.351202,0.401974
2.432000,-0.063185,0.297907,0.401285
2.433000,-0.031750,0.349734,0.405255
2.434000,-0.038380,0.395204,0.411342
2.435000,-0.039337,0.469295,0.402596
2.436000,-0.020899,0.387456,0.406770
2.437000,-0.053534,0.414673,0.407412
2.438000,-0.084343,0.379172,0.381975
2.439000,-0.059146,0.339530,0.392295
2.440000,-0.087759,0.424524,0.405749
2.441000,-0.048552,0.385612,0.402816
2.442000,-0.111695,0.465545,0.416215
2.443000,-0.098323,0.336181,0.388399
2.444000,-0.113712,0.350576,0.403040
2.445000,-0.062276,0.433353,0.401803
2.446000,-0.061035,0.379932,0.415603
2.447000,0.003915,0.357039,0.403023
2.448000,-0.083219,0.381595,0.394373
2.449000,-0.124817,0.381094,0.409414
2.450000,-0.007475,0.437758,0.401433
2.451000,-0.009067,0.390084,0.398768
2.452000,-0.133568,0.448906,0.410126
2.453000,-0.116232,0.335191,0.419918
2.454000,-0.061606,0.343559,0.396915
2.455000,-0.045458,0.443601,0.408088
2.456000,0.002390,0.427400,0.404527
2.457000,-0.015659,0.370290,0.394153
2.458000,-0.138442,0.429107,0.392983
2.459000,-0.061068,0.398288,0.396620
2.460000,-0.091871,0.439557,0.416224
2.461000,-0.092729,0.357143,0.419289
2.462000,-0.069189,0.367481,0.396697
2.463000,-0.033772,0.389361,0.400935
2.464000,-0.133671,0.357150,0.411132
2.465000,-0.054352,0.440259,0.382983
2.466000,-0.101078,0.407725,0.406709
2.467000,0.022659,0.402613,0.391082
2.468000,-0.109689,0.330908,0.413446
2.469000,-0.081615,0.363370,0.411472
2.470000,-0.011996,0.378374,0.394809
2.471000,-0.061261,0.314428,0.404997
2.472000,-0.043355,0.401697,0.407102
2.473000,-0.074342,0.401131,0.413878
2.474000,-0.070044,0.468644,0.408580
2.475000,-0.087678,0.391064,0.393234
2.476000,-0.018975,0.522122,0.397452
2.477000,-0.061918,0.415573,0.400928
2.478000,-0.083609,0.422535,0.385377
2.479000,-0.116677,0.403895,0.400669
2.480000,-0.066945,0.420120,0.411975
2.481000,-0.125238,0.361207,0.410745
2.482000,-0.072315,0.401551,0.412110
2.483000,-0.161996,0.462154,0.401979
2.484000,-0.136131,0.449194,0.417981
2.485000,-0.006939,0.381031,0.406972
2.486000,-0.052173,0.329003,0.425627
2.487000,-0.123504,0.488757,0.399701
2.488000,-0.065117,0.380795,0.413984
2.489000,0.005622,0.401048,0.393734
2.490000,-0.110264,0.423773,0.377735
2.491000,-0.152738,0.393027,0.403074
2.492000,-0.100558,0.372443,0.382781
2.493000,-0.096404,0.385258,0.402922
2.494000,-0.051703,0.301823,0.415649
2.495000,-0.176796,0.416432,0.395496
2.496000,-0.032969,0.418064,0.398106
2.497000,-0.093462,0.314861,0.399098
2.498000,-0.113030,0.348453,0.388828
2.499000,-0.078733,0.372655,0.408708
2.500000,-0.104554,0.322921,0.392099
2.501000,-0.078304,0.307026,0.413141
2.502000,-0.090640,0.385794,0.401282
2.503000,-0.049058,0.422639,0.392393
2.504000,-0.113572,0.483633,0.378901
2.505000,-0.127355,0.350730,0.408993
2.506000,-0.067342,0.406628,0.391252
2.507000,-0.065655,0.347059,0.394367
2.508000,-0.116103,0.358189,0.389957
2.509000,-0.071103,0.405607,0.391775
2.510000,-0.102550,0.411648,0.401464
2.511000,-0.014444,0.379688,0.403211
2.512000,-0.050575,0.345264,0.389122
2.513000,-0.145494,0.410798,0.397975
2.514000,-0.069833,0.397437,0.402033
2.515000,-0.052408,0.372906,0.407461
2.516000,-0.053606,0.327078,0.397605
2.517000,-0.010124,0.558648,0.399548
2.518000,-0.081030,0.315349,0.401116
2.519000,-0.085515,0.365191,0.417698
2.520000,-0.072709,0.345318,0.389071
2.521000,-0.048447,0.362108,0.390640
2.522000,-0.161272,0.385292,0.405954
2.523000,-0.045197,0.402684,0.416456
2.524000,-0.138417,0.400434,0.403773
2.525000,-0.159593,0.382548,0.389041
2.526000,-0.072931,0.352485,0.406528
2.527000,-0.009821,0.381124,0.393505
2.528000,-0.140303,0.409731,0.390735
2.529000,-0.040636,0.468451,0.417296
2.530000,0.000622,0.396431,0.404604
2.531000,-0.120791,0.329399,0.407402
2.532000,-0.150711,0.437296,0.391363
2.533000,-0.094195,0.471909,0.402553
2.534000,-0.060956,0.378511,0.408560
2.535000,-0.097047,0.347775,0.390101
2.536000,-0.157781,0.332501,0.406707
2.537000,-0.089054,0.346568,0.407844
2.538000,-0.076875,0.411659,0.390069
2.539000,-0.107027,0.407211,0.397283
2.540000,-0.038823,0.426909,0.414975
2.541000,-0.071548,0.361072,0.400460
2.542000,0.022310,0.441377,0.398464
2.543000,-0.052962,0.381297,0.396789
2.544000,-0.033625,0.410662,0.409348
2.545000,-0.005104,0.367727,0.403105
2.546000,-0.042281,0.427704,0.396260
2.547000,-0.084319,0.480220,0.394421
2.548000,-0.065247,0.413661,0.385678
2.549000,-0.056792,0.328126,0.402147
2.550000,-0.029744,0.367495,0.384805
2.551000,-0.088435,0.389649,0.401207
2.552000,-0.076932,0.403732,0.385364
2.553000,-0.037682,0.289676,0.396448
2.554000,-0.050318,0.354909,0.385485
2.555000,-0.122971,0.367767,0.420050
2.556000,-0.157627,0.409956,0.397995
2.557000,-0.126231,0.326063,0.388118
2.558000,-0.072467,0.421696,0.413150
2.559000,-0.133048,0.291563,0.405758
2.560000,-0.064245,0.445359,0.381063
2.561000,-0.019276,0.396288,0.420178
2.562000,-0.098791,0.454862,0.394205
2.563000,0.010831,0.366248,0.384835
2.564000,-0.078281,0.443206,0.412673
2.565000,-0.092342,0.408614,0.399883
2.566000,-0.027051,0.438743,0.394967
2.567000,-0.044596,0.389027,0.411875
2.568000,-0.107616,0.394222,0.394311
2.569000,-0.162909,0.333399,0.411244
2.570000,-0.061461,0.353069,0.404925
2.571000,-0.088909,0.425763,0.395572
2.572000,-0.091059,0.336238,0.411468
2.573000,-0.066384,0.395282,0.424450
2.574000,-0.036082,0.456245,0.403328
2.575000,-0.114952,0.410971,0.400521
2.576000,-0.106992,0.445000,0.396890
2.577000,-0.079553,0.395592,0.385013
2.578000,-0.066588,0.425580,0.400550
2.579000,-0.079657,0.374820,0.393780
2.580000,-0.120934,0.305897,0.405396
2.581000,-0.153689,0.368701,0.379151
2.582000,-0.123046,0.414781,0.400915
2.583000,-0.090872,0.400549,0.383097
2.584000,-0.051843,0.369875,0.400315
2.585000,-0.072326,0.265837,0.414231
2.586000,-0.108610,0.415242,0.396558
2.587000,-0.121622,0.450615,0.387965
2.588000,-0.079450,0.364544,0.405162
2.589000,-0.051443,0.421469,0.405574
2.590000,-0.121312,0.377681,0.403325
2.591000,-0.037561,0.410995,0.398100
2.592000,-0.083873,0.431627,0.404683
2.593000,-0.052032,0.370358,0.409082
2.594000,-0.110658,0.393398,0.405761
2.595000,-0.156037,0.377149,0.402738
2.596000,-0.086617,0.427562,0.376769
2.597000,-0.171851,0.435141,0.407400
2.598000,-0.004139,0.383451,0.411974
2.599000,0.008741,0.282492,0.383424
2.600000,-0.118146,0.322693,0.415152
2.601000,-0.107491,0.356156,0.412358
2.602000,-0.064933,0.361582,0.406833
2.603000,-0.138304,0.356187,0.411784
2.604000,-0.134896,0.365360,0.395385
2.605000,-0.121900,0.270171,0.384408
2.606000,-0.088883,0.452544,0.406850
2.607000,-0.120212,0.382561,0.383222
2.608000,-0.108154,0.377285,0.394086
2.609000,-0.068697,0.406644,0.405512
2.610000,0.005942,0.413262,0.380291
2.611000,-0.161614,0.385544,0.391093
2.612000,-0.108585,0.454086,0.400799
2.613000,-0.153300,0.454827,0.397970
2.614000,-0.099586,0.398120,0.405132
2.615000,-0.131530,0.391010,0.412435
2.616000,-0.040166,0.350068,0.400159
2.617000,-0.026684,0.375987,0.386564
2.618000,-0.127904,0.415847,0.398970
2.619000,-0.096110,0.400154,0.397221
2.620000,-0.074742,0.449717,0.404258
2.621000,-0.073817,0.440220,0.407306
2.622000,-0.045732,0.293848,0.400347
2.623000,-0.079847,0.381588,0.391467
2.624000,-0.104874,0.353520,0.403374
2.625000,-0.067350,0.376622,0.410638
2.626000,-0.123410,0.359871,0.400798
2.627000,-0.117798,0.433907,0.398271
2.628000,-0.074523,0.431325,0.383713
2.629000,-0.101997,0.393220,0.381532
2.630000,-0.097116,0.378640,0.385579
2.631000,-0.037911,0.393398,0.377474
2.632000,-0.122080,0.372437,0.398872
2.633000,-0.135589,0.337664,0.402489
2.634000,-0.145188,0.432293,0.404877
2.635000,-0.089392,0.360930,0.401113
2.636000,-0.097793,0.394305,0.383924
2.637000,-0.101045,0.281407,0.401224
2.638000,0.014017,0.342029,0.391896
2.639000,-0.062438,0.348051,0.389679
2.640000,-0.112180,0.394297,0.408686
2.641000,-0.123020,0.359148,0.397367
2.642000,-0.134381,0.401033,0.413678
2.643000,-0.140315,0.333301,0.399301
2.644000,-0.128875,0.320504,0.386674
2.645000,-0.188303,0.383878,0.392580
2.646000,-0.018906,0.405283,0.389782
2.647000,-0.153489,0.365207,0.386379
2.648000,-0.106068,0.438031,0.396785
2.649000,-0.134918,0.295078,0.385258
2.650000,-0.098743,0.380639,0.401889
2.651000,-0.169196,0.427345,0.394977
2.652000,-0.188774,0.335157,0.393574
2.653000,-0.106690,0.309194,0.408759
2.654000,-0.104060,0.426082,0.414357
2.655000,-0.117253,0.357013,0.405763
2.656000,-0.184481,0.436696,0.399396
2.657000,-0.123684,0.333683,0.386927
2.658000,-0.118394,0.407866,0.399816
2.659000,-0.211399,0.354421,0.405133
2.660000,-0.018914,0.379402,0.403805
2.661000,-0.104254,0.367551,0.388486
2.662000,-0.147266,0.323893,0.404634
2.663000,-0.065155,0.377452,0.393632
2.664000,-0.057938,0.489313,0.382523
2.665000,-0.079005,0.392549,0.403206
2.666000,-0.073005,0.457710,0.398733
2.667000,-0.005209,0.331203,0.407613
2.668000,-0.171990,0.320043,0.404189
2.669000,-0.072176,0.359070,0.405594
2.670000,-0.139608,0.437640,0.385196
2.671000,-0.096349,0.399223,0.402101
2.672000,-0.106065,0.380269,0.374252
2.673000,-0.174546,0.432226,0.406949
2.674000,-0.043275,0.388670,0.416871
2.675000,-0.113067,0.433696,0.395317
2.676000,-0.132370,0.427795,0.385537
2.677000,-0.035962,0.471366,0.399936
2.678000,-0.042927,0.360686,0.397520
2.679000,-0.096161,0.359832,0.407039
2.680000,-0.065813,0.415789,0.394871
2.681000,-0.178377,0.404877,0.396461
2.682000,-0.182882,0.329410,0.397146
2.683000,-0.036948,0.403125,0.391203
2.684000,-0.158193,0.339173,0.389801
2.685000,-0.100680,0.437063,0.427066
2.686000,-0.026168,0.362832,0.409399
2.687000,-0.103857,0.466212,0.405148
2.688000,-0.131637,0.430037,0.392080
2.689000,-0.137985,0.370575,0.397322
2.690000,-0.205753,0.432229,0.426702
2.691000,-0.166705,0.447990,0.383025
2.692000,-0.113039,0.346395,0.401880
2.693000,-0.085032,0.324854,0.398363
2.694000,-0.075235,0.341742,0.412395
2.695000,-0.049905,0.362825,0.414182
2.696000,-0.200240,0.356243,0.405354
2.697000,-0.065962,0.436036,0.409796
2.698000,-0.108303,0.416774,0.400300
2.699000,-0.178580,0.426760,0.405693
2.700000,-0.116312,0.357801,0.419470
2.701000,-0.153936,0.387972,0.392981
2.702000,-0.113286,0.437418,0.404099
2.703000,-0.125220,0.422365,0.409316
2.704000,-0.114175,0.364468,0.392748
2.705000,-0.199284,0.456582,0.392913
2.706000,-0.165285,0.344866,0.388617
2.707000,-0.059890,0.380342,0.390233
2.708000,-0.149157,0.337756,0.411245
2.709000,-0.178277,0.388074,0.404890
2.710000,-0.094854,0.394736,0.398608
2.711000,-0.221391,0.383388,0.395035
2.712000,-0.173730,0.451446,0.412574
2.713000,-0.129807,0.400705,0.400038
2.714000,-0.200504,0.364034,0.408706
2.715000,-0.117905,0.337587,0.411311
2.716000,-0.096654,0.329999,0.394308
2.717000,-0.132707,0.338133,0.407601
2.718000,-0.138426,0.390226,0.417841
2.719000,-0.144491,0.332495,0.400012
2.720000,-0.134508,0.368215,0.390883
2.721000,-0.185744,0.365406,0.387069
2.722000,-0.165066,0.515776,0.424230
2.723000,-0.003420,0.369310,0.389016
2.724000,-0.088329,0.335715,0.397237
2.725000,-0.157651,0.425116,0.398936
2.726000,-0.099400,0.355252,0.398017
2.727000,-0.198921,0.378757,0.396872
2.728000,-0.095364,0.361534,0.390058
2.729000,-0.111260,0.451282,0.398563
2.730000,-0.032146,0.266932,0.391336
2.731000,-0.127727,0.321256,0.372618
2.732000,-0.113113,0.336935,0.391967
2.733000,-0.122116,0.373036,0.393782
2.734000,-0.086851,0.346573,0.411367
2.735000,-0.058870,0.309457,0.391250
2.736000,-0.073045,0.323797,0.394232
2.737000,-0.108790,0.429579,0.411738
2.738000,-0.122920,0.408094,0.403304
2.739000,-0.040699,0.382309,0.398651
2.740000,-0.125750,0.322626,0.386993
2.741000,-0.241868,0.451191,0.419610
2.742000,-0.196995,0.422235,0.404017
2.743000,-0.126418,0.411590,0.398983
2.744000,0.006130,0.424855,0.392121
2.745000,-0.167859,0.446757,0.397345
2.746000,-0.127577,0.389502,0.400665
2.747000,-0.063871,0.338577,0.376999
2.748000,-0.143689,0.345497,0.393630
2.749000,-0.195338,0.338561,0.385444
2.750000,-0.073554,0.331762,0.397704
2.751000,-0.051417,0.366515,0.403744
2.752000,-0.071606,0.409034,0.394169
2.753000,-0.167040,0.442281,0.401881
2.754000,-0.152122,0.365789,0.399481
2.755000,-0.201575,0.404592,0.410445
2.756000,-0.149533,0.342971,0.395876
2.757000,-0.128421,0.475864,0.408503
2.758000,-0.110999,0.353442,0.400769
2.759000,-0.128065,0.327807,0.395722
2.760000,-0.099123,0.332090,0.386836
2.761000,-0.127102,0.363290,0.382787
2.762000,-0.064628,0.436493,0.420855
2.763000,-0.141350,0.408295,0.412258
2.764000,-0.095038,0.435236,0.401599
2.765000,-0.143053,0.403470,0.404920
2.766000,-0.088895,0.432353,0.401589
2.767000,-0.130691,0.436378,0.398506
2.768000,-0.159041,0.425614,0.378660
2.769000,-0.068898,0.420800,0.400005
2.770000,-0.068040,0.362745,0.403003
2.771000,-0.188127,0.323959,0.404450
2.772000,-0.140604,0.328078,0.409281
2.773000,-0.125429,0.350260,0.398368
2.774000,-0.051799,0.431402,0.400523
2.775000,-0.092003,0.354146,0.417993
2.776000,-0.061175,0.364429,0.401997
2.777000,-0.079356,0.425958,0.410082
2.778000,-0.090525,0.397101,0.384066
2.779000,-0.054482,0.365282,0.402450
2.780000,-0.123980,0.429875,0.395767
2.781000,-0.177018,0.449135,0.406968
2.782000,-0.051165,0.378735,0.403403
2.783000,-0.081155,0.333363,0.384520
2.784000,-0.161659,0.351001,0.417815
2.785000,-0.003967,0.370937,0.400928
2.786000,-0.138474,0.369309,0.403422
2.787000,-0.107919,0.364186,0.398895
2.788000,-0.152026,0.346473,0.395997
2.789000,-0.091900,0.403089,0.394750
2.790000,-0.079038,0.383238,0.409568
2.791000,-0.133215,0.464180,0.413973
2.792000,-0.090735,0.447403,0.393543
2.793000,-0.043732,0.323328,0.400800
2.794000,-0.153360,0.291552,0.387035
2.795000,-0.145221,0.402848,0.396297
2.796000,-0.081498,0.364893,0.390742
2.797000,-0.062062,0.436228,0.397540
2.798000,-0.200449,0.329318,0.394831
2.799000,-0.122065,0.435731,0.400716
2.800000,-0.112208,0.399975,0.388197
2.801000,-0.073547,0.450586,0.405243
2.802000,-0.054037,0.368197,0.400076
2.803000,-0.062472,0.371849,0.393873
2.804000,-0.043397,0.372547,0.391967
2.805000,-0.127021,0.280012,0.410453
2.806000,-0.063946,0.321770,0.393286
2.807000,-0.040374,0.424532,0.396688
2.808000,-0.134718,0.398199,0.414205
2.809000,-0.091061,0.405765,0.397960
2.810000,-0.055469,0.406509,0.389015
2.811000,-0.145500,0.463210,0.381831
2.812000,-0.176811,0.404819,0.398624
2.813000,-0.180496,0.216304,0.396686
2.814000,-0.072965,0.332682,0.388529
2.815000,-0.091984,0.444417,0.391208
2.816000,-0.144342,0.308508,0.399984
2.817000,-0.163129,0.371172,0.375510
2.818000,-0.085834,0.293171,0.386505
2.819000,-0.139826,0.285046,0.383850
2.820000,-0.172684,0.293372,0.392937
2.821000,-0.133815,0.458102,0.408696
2.822000,-0.243478,0.368952,0.391365
2.823000,-0.108033,0.362811,0.403504
2.824000,-0.099133,0.360577,0.383459
2.825000,-0.148834,0.407608,0.405689
2.826000,-0.138383,0.409610,0.399025
2.827000,-0.190002,0.386607,0.408350
2.828000,-0.069032,0.351262,0.401230
2.829000,-0.141243,0.315668,0.403190
2.830000,-0.173789,0.381611,0.393325
2.831000,-0.157999,0.375474,0.400808
2.832000,-0.107562,0.359291,0.397177
2.833000,-0.113712,0.358690,0.400210
2.834000,-0.157659,0.375775,0.408234
2.835000,-0.093295,0.416144,0.412126
2.836000,-0.124213,0.424221,0.396777
2.837000,-0.084492,0.413159,0.416636
2.838000,-0.092726,0.409522,0.403164
2.839000,-0.155046,0.347822,0.408481
2.840000,-0.191406,0.450632,0.402063
2.841000,-0.103359,0.422938,0.402507
2.842000,-0.135921,0.277800,0.403558
2.843000,-0.106057,0.309479,0.401919
2.844000,-0.137225,0.426060,0.382946
2.845000,-0.158400,0.368443,0.391358
2.846000,-0.124026,0.281825,0.377324
2.847000,-0.134090,0.402984,0.391725
2.848000,-0.115859,0.391589,0.405764
2.849000,-0.129575,0.297953,0.400000
2.850000,-0.127377,0.447151,0.385020
2.851000,-0.026855,0.373373,0.389359
2.852000,-0.146783,0.429257,0.400516
2.853000,-0.168781,0.409190,0.409790
2.854000,-0.133648,0.456497,0.421118
2.855000,-0.246671,0.378510,0.418535
2.856000,-0.111019,0.446063,0.405717
2.857000,-0.201595,0.347560,0.399907
2.858000,-0.072367,0.374005,0.395208
2.859000,-0.159784,0.385631,0.402066
2.860000,-0.027995,0.370355,0.387614
2.861000,-0.106203,0.389408,0.401749
2.862000,-0.168353,0.398590,0.395144
2.863000,-0.160350,0.349260,0.409789
2.864000,-0.202138,0.372451,0.397350
2.865000,-0.100851,0.368283,0.409128
2.866000,-0.171272,0.396590,0.402762
2.867000,-0.131917,0.449215,0.405317
2.868000,-0.123582,0.427458,0.403868
2.869000,-0.147834,0.421395,0.422331
2.870000,-0.162267,0.406225,0.401361
2.871000,-0.132063,0.288490,0.393640
2.872000,-0.173986,0.442905,0.388811
2.873000,-0.074967,0.331998,0.398262
2.874000,-0.155662,0.350175,0.384413
2.875000,-0.072379,0.428282,0.412044
2.876000,-0.092253,0.418360,0.412413
2.877000,-0.172923,0.402442,0.414537
2.878000,-0.121150,0.367547,0.391225
2.879000,-0.149977,0.354078,0.370129
2.880000,-0.115758,0.446666,0.406279
2.881000,-0.129730,0.341942,0.397620
2.882000,-0.072833,0.311991,0.422653
2.883000,-0.208150,0.415633,0.393309
2.884000,-0.159281,0.275361,0.409492
2.885000,-0.118574,0.425469,0.395049
2.886000,-0.076425,0.384003,0.398273
2.887000,-0.161964,0.433013,0.403640
2.888000,-0.119327,0.306472,0.399413
2.889000,-0.185927,0.337717,0.381468
2.890000,-0.111794,0.370185,0.400045
2.891000,-0.185283,0.383747,0.390050
2.892000,-0.143626,0.404451,0.403756
2.893000,-0.112251,0.343576,0.380583
2.894000,-0.126975,0.325317,0.396799
2.895000,-0.194859,0.364075,0.406662
2.896000,-0.155519,0.317883,0.401453
2.897000,-0.127877,0.375743,0.402816
2.898000,-0.082915,0.452098,0.407126
2.899000,-0.156984,0.391501,0.386123
2.900000,-0.140290,0.461225,0.399483
2.901000,-0.141511,0.338094,0.411156
2.902000,-0.154327,0.388701,0.396513
2.903000,-0.197721,0.366115,0.389912
2.904000,-0.172940,0.347811,0.417220
2.905000,-0.111447,0.388983,0.393709
2.906000,-0.113408,0.367975,0.412220
2.907000,-0.152129,0.454217,0.397691
2.908000,-0.137823,0.352485,0.399739
2.909000,-0.187798,0.320702,0.383376
2.910000,-0.181443,0.330057,0.402879
2.911000,-0.172468,0.366744,0.413110
2.912000,-0.115027,0.301203,0.404057
2.913000,-0.114765,0.367242,0.390516
2.914000,-0.126069,0.361908,0.402669
2.915000,-0.116032,0.393276,0.395076
2.916000,-0.218311,0.378172,0.398762
2.917000,-0.151049,0.388776,0.405343
2.918000,-0.193617,0.412841,0.403505
2.919000,-0.136070,0.376559,0.421892
2.920000,-0.122812,0.369508,0.384119
2.921000,-0.156520,0.395948,0.387295
2.922000,-0.150972,0.379956,0.407857
2.923000,-0.214292,0.364728,0.397643
2.924000,-0.144218,0.392669,0.408776
2.925000,-0.093523,0.493900,0.402206
2.926000,-0.123438,0.367313,0.399209
2.927000,-0.186988,0.364798,0.393515
2.928000,-0.204407,0.380343,0.394393
2.929000,-0.135651,0.359700,0.405046
2.930000,-0.078276,0.397438,0.396433
2.931000,-0.162583,0.382655,0.395849
2.932000,-0.161732,0.426070,0.402860
2.933000,-0.167785,0.381442,0.398844
2.934000,-0.169474,0.384263,0.395991
2.935000,-0.173635,0.405816,0.393208
2.936000,-0.081578,0.314992,0.404638
2.937000,-0.127955,0.389068,0.402956
2.938000,-0.104440,0.360440,0.396250
2.939000,-0.162173,0.464978,0.389589
2.940000,-0.096599,0.333652,0.405370
2.941000,-0.095497,0.315375,0.391164
2.942000,-0.106618,0.428069,0.394128
2.943000,-0.065909,0.359495,0.403818
2.944000,-0.088181,0.337660,0.416647
2.945000,-0.182291,0.367543,0.396131
2.946000,-0.039523,0.373429,0.408686
2.947000,-0.093223,0.352109,0.408999
2.948000,-0.162614,0.291521,0.396301
2.949000,-0.145799,0.267749,0.388098
2.950000,-0.151898,0.391643,0.406333
2.951000,-0.149410,0.341044,0.405800
2.952000,-0.212085,0.404533,0.384772
2.953000,-0.106210,0.329605,0.415582
2.954000,-0.168722,0.342697,0.389773
2.955000,-0.122360,0.315339,0.397403
2.956000,-0.129303,0.330052,0.390857
2.957000,-0.173051,0.308151,0.392772
2.958000,-0.150264,0.298746,0.400070
2.959000,-0.146122,0.379822,0.399929
2.960000,-0.258960,0.329172,0.403081
2.961000,-0.157701,0.318213,0.415771
2.962000,-0.092483,0.307117,0.398454
2.963000,-0.125288,0.446062,0.378717
2.964000,-0.120762,0.352845,0.401593
2.965000,-0.164446,0.447920,0.419482
2.966000,-0.163588,0.327347,0.425530
2.967000,-0.130977,0.320630,0.411221
2.968000,-0.160457,0.355091,0.410557
2.969000,-0.231324,0.414129,0.401797
2.970000,-0.134881,0.379384,0.383372
2.971000,-0.187324,0.387848,0.405128
2.972000,-0.154685,0.293210,0.397320
2.973000,-0.188925,0.334486,0.404787
2.974000,-0.137800,0.299951,0.398667
2.975000,-0.125641,0.378933,0.398264
2.976000,-0.151760,0.315120,0.418865
2.977000,-0.146298,0.329568,0.381518
2.978000,-0.234930,0.340824,0.410315
2.979000,-0.179309,0.357629,0.389842
2.980000,-0.083600,0.474164,0.372635
2.981000,-0.170193,0.392522,0.404883
2.982000,-0.177010,0.347542,0.406699
2.983000,-0.082764,0.286532,0.393011
2.984000,-0.132097,0.321871,0.394458
2.985000,-0.092004,0.382624,0.394691
2.986000,-0.131562,0.306173,0.401630
2.987000,-0.132825,0.425313,0.406385
2.988000,-0.147597,0.360300,0.397490
2.989000,-0.097162,0.426867,0.405380
2.990000,-0.152583,0.329320,0.386483
2.991000,-0.175542,0.405308,0.401599
2.992000,-0.095158,0.360401,0.383725
2.993000,-0.186716,0.407882,0.402461
2.994000,-0.149121,0.366934,0.394940
2.995000,-0.125259,0.344415,0.403932
2.996000,-0.154242,0.294106,0.415365
2.997000,-0.167105,0.407803,0.405875
2.998000,-0.156555,0.347360,0.402016
2.999000,-0.180376,0.329765,0.394890
3.000000,-0.233571,0.321716,0.398570
3.001000,-0.130020,0.274411,0.404780
3.002000,-0.094293,0.409515,0.413571
3.003000,-0.212218,0.323413,0.385892
3.004000,-0.092775,0.469972,0.383932
3.005000,-0.164117,0.306028,0.381213
3.006000,-0.200919,0.436805,0.394984
3.007000,-0.119459,0.398739,0.391649
3.008000,-0.094828,0.317284,0.394792
3.009000,-0.136367,0.353984,0.397476
3.010000,-0.119533,0.421528,0.381928
3.011000,-0.156010,0.426727,0.415788
3.012000,-0.274709,0.332144,0.400838
3.013000,-0.177093,0.401366,0.404837
3.014000,-0.132489,0.356679,0.398213
3.015000,-0.114493,0.392487,0.403342
3.016000,-0.153116,0.332076,0.392417
3.017000,-0.152219,0.415778,0.389857
3.018000,-0.143145,0.386024,0.397419
3.019000,-0.164030,0.397265,0.392160
3.020000,-0.093984,0.286186,0.406588
3.021000,-0.126570,0.431697,0.379600
3.022000,-0.208327,0.417501,0.392196
3.023000,-0.160439,0.417219,0.389324
3.024000,-0.207780,0.321214,0.399578
3.025000,-0.194181,0.369638,0.398861
3.026000,-0.136268,0.336284,0.405505
3.027000,-0.120305,0.408319,0.404388
3.028000,-0.179852,0.371744,0.385986
3.029000,-0.145769,0.408947,0.393434
3.030000,-0.095354,0.405526,0.419642
3.031000,-0.212403,0.370256,0.393373
3.032000,-0.179696,0.402419,0.411539
3.033000,-0.161752,0.350962,0.389135
3.034000,-0.163002,0.379311,0.406290
3.035000,-0.117356,0.340448,0.393223
3.036000,-0.099144,0.378722,0.382857
3.037000,-0.086518,0.334527,0.408107
3.038000,-0.176579,0.368841,0.416682
3.039000,-0.246153,0.351263,0.392748
3.040000,-0.174367,0.351498,0.409241
3.041000,-0.141738,0.344112,0.415061
3.042000,-0.122693,0.324956,0.396251
3.043000,-0.193571,0.375871,0.396148
3.044000,-0.127473,0.341213,0.400120
3.045000,-0.190195,0.337489,0.408460
3.046000,-0.232693,0.376643,0.408220
3.047000,-0.101767,0.321978,0.412160
3.048000,-0.167788,0.369830,0.402782
3.049000,-0.224269,0.426531,0.406974
3.050000,-0.193642,0.337982,0.423562
3.051000,-0.172597,0.361999,0.383679
3.052000,-0.174115,0.389635,0.394540
3.053000,-0.156729,0.380320,0.396302
3.054000,-0.116959,0.356313,0.399149
3.055000,-0.164288,0.281429,0.405779
3.056000,-0.128148,0.401183,0.404445
3.057000,-0.168080,0.390357,0.427263
3.058000,-0.215473,0.393069,0.404899
3.059000,-0.125207,0.298548,0.420136
3.060000,-0.104453,0.354054,0.418260
3.061000,-0.156955,0.463358,0.402164
3.062000,-0.258354,0.363471,0.395470
3.063000,-0.228858,0.318632,0.402806
3.064000,-0.199926,0.411146,0.383159
3.065000,-0.176715,0.386391,0.404065
3.066000,-0.191511,0.377057,0.389648
3.067000,-0.198199,0.298277,0.413082
3.068000,-0.184458,0.318074,0.397114
3.069000,-0.102477,0.446013,0.391061
3.070000,-0.081759,0.361714,0.411510
3.071000,-0.125211,0.328435,0.393132
3.072000,-0.243879,0.365788,0.404112
3.073000,-0.175807,0.306339,0.404539
3.074000,-0.128855,0.371739,0.393763
3.075000,-0.150888,0.320107,0.402755
3.076000,-0.149261,0.413117,0.418585
3.077000,-0.081129,0.404876,0.394692
3.078000,-0.136052,0.298055,0.399931
3.079000,-0.173007,0.340198,0.405046
3.080000,-0.187474,0.457092,0.398263
3.081000,-0.079102,0.376906,0.390063
3.082000,-0.162407,0.463091,0.398480
3.083000,-0.163640,0.389003,0.407955
3.084000,-0.132934,0.284539,0.392689
3.085000,-0.192830,0.504560,0.392024
3.086000,-0.161855,0.488274,0.405070
3.087000,-0.105830,0.402650,0.384167
3.088000,-0.190145,0.351481,0.381964
3.089000,-0.265435,0.409354,0.419217
3.090000,-0.218465,0.357423,0.414569
3.091000,-0.120046,0.297060,0.399622
3.092000,-0.150023,0.275243,0.394590
3.093000,-0.195209,0.255458,0.392047
3.094000,-0.163550,0.382279,0.386994
3.095000,-0.144497,0.353284,0.398686
3.096000,-0.197317,0.261416,0.408639
3.097000,-0.148190,0.361170,0.394717
3.098000,-0.232995,0.381136,0.395348
3.099000,-0.143378,0.393502,0.394977
3.100000,-0.204351,0.354448,0.403294
3.101000,-0.250701,0.370803,0.385446
3.102000,-0.187595,0.469433,0.390070
3.103000,-0.218379,0.342856,0.397766
3.104000,-0.231461,0.377782,0.406372
3.105000,-0.147422,0.377997,0.397287
3.106000,-0.215211,0.363333,0.405245
3.107000,-0.210693,0.351885,0.400119
3.108000,-0.066155,0.414084,0.413529
3.109000,-0.138896,0.332955,0.406124
3.110000,-0.100836,0.315385,0.400609
3.111000,-0.165902,0.387485,0.411666
3.112000,-0.181269,0.354024,0.431490
3.113000,-0.194534,0.297402,0.401392
3.114000,-0.198502,0.353325,0.398808
3.115000,-0.278653,0.365126,0.402293
3.116000,-0.117512,0.369087,0.411563
3.117000,-0.096398,0.385415,0.404618
3.118000,-0.188261,0.389872,0.396695
3.119000,-0.282280,0.354964,0.411393
3.120000,-0.131988,0.348301,0.392084
3.121000,-0.185702,0.359063,0.388302
3.122000,-0.220361,0.356902,0.402158
3.123000,-0.146789,0.323121,0.380717
3.124000,-0.182802,0.406082,0.385247
3.125000,-0.213732,0.329220,0.416464
3.126000,-0.122517,0.344945,0.407782
3.127000,-0.207006,0.358719,0.381606
3.128000,-0.219920,0.315841,0.388315
3.129000,-0.148640,0.313901,0.410073
3.130000,-0.148770,0.371138,0.411699
3.131000,-0.163073,0.326870,0.395673
3.132000,-0.143910,0.300607,0.409097
3.133000,-0.184500,0.388650,0.401178
3.134000,-0.211514,0.433662,0.397567
3.135000,-0.161288,0.334969,0.391957
3.136000,-0.171132,0.336307,0.399381
3.137000,-0.169400,0.334835,0.409845
3.138000,-0.147883,0.263961,0.390861
3.139000,-0.193285,0.313764,0.392693
3.140000,-0.146121,0.382003,0.383855
3.141000,-0.236715,0.370994,0.396960
3.142000,-0.138347,0.328835,0.400341
3.143000,-0.217170,0.346021,0.405994
3.144000,-0.158884,0.307405,0.410439
3.145000,-0.179782,0.379294,0.404308
3.146000,-0.198177,0.399429,0.392734
3.147000,-0.194695,0.302140,0.384543
3.148000,-0.075059,0.351065,0.395887
3.149000,-0.090149,0.277688,0.412195
3.150000,-0.166088,0.352199,0.397670
3.151000,-0.191599,0.427861,0.410135
3.152000,-0.184047,0.321775,0.400235
3.153000,-0.224987,0.320647,0.396990
3.154000,-0.213496,0.328223,0.396365
3.155000,-0.226590,0.428958,0.378727
3.156000,-0.145844,0.389350,0.398202
3.157000,-0.186187,0.364596,0.400428
3.158000,-0.146236,0.383305,0.395913
3.159000,-0.224798,0.372595,0.405712
3.160000,-0.142480,0.332244,0.424756
3.161000,-0.259625,0.443593,0.391904
3.162000,-0.184205,0.439218,0.418606
3.163000,-0.107047,0.394785,0.404060
3.164000,-0.244163,0.302294,0.399237
3.165000,-0.151468,0.391107,0.408462
3.166000,-0.114898,0.423507,0.400399
3.167000,-0.277238,0.404391,0.397800
3.168000,-0.202554,0.365184,0.387063
3.169000,-0.190783,0.289962,0.376778
3.170000,-0.213295,0.425044,0.401184
3.171000,-0.144544,0.351628,0.403983
3.172000,-0.268838,0.323136,0.391219
3.173000,-0.244717,0.362153,0.403877
3.174000,-0.164816,0.354056,0.406955
3.175000,-0.178428,0.369403,0.394136
3.176000,-0.156042,0.376238,0.389681
3.177000,-0.212073,0.406274,0.386870
3.178000,-0.200914,0.404024,0.406723
3.179000,-0.136275,0.384632,0.396390
3.180000,-0.264591,0.452034,0.408099
3.181000,-0.223173,0.362071,0.393662
3.182000,-0.186949,0.383805,0.392904
3.183000,-0.094299,0.340647,0.395467
3.184000,-0.127600,0.302255,0.401256
3.185000,-0.084129,0.360469,0.402222
3.186000,-0.209522,0.312637,0.397764
3.187000,-0.076915,0.398703,0.405356
3.188000,-0.150835,0.400507,0.396699
3.189000,-0.183863,0.352873,0.404492
3.190000,-0.228139,0.295100,0.392623
3.191000,-0.165239,0.304565,0.407708
3.192000,-0.236858,0.345616,0.386178
3.193000,-0.155154,0.284299,0.379901
3.194000,-0.180889,0.370583,0.407671
3.195000,-0.175814,0.375076,0.401856
3.196000,-0.174557,0.419367,0.397875
3.197000,-0.229567,0.416142,0.409672
3.198000,-0.157652,0.329950,0.404822
3.199000,-0.106011,0.333051,0.406739
3.200000,-0.246911,0.311990,0.409815
3.201000,-0.154092,0.338764,0.389165
3.202000,-0.219457,0.450151,0.400622
3.203000,-0.144719,0.381982,0.402723
3.204000,-0.164428,0.339613,0.411309
3.205000,-0.181153,0.340025,0.405400
3.206000,-0.187130,0.373153,0.391572
3.207000,-0.267895,0.252435,0.385284
3.208000,-0.232461,0.327583,0.400075
3.209000,-0.163551,0.379649,0.388252
3.210000,-0.097883,0.348989,0.394025
3.211000,-0.190673,0.366732,0.403536
3.212000,-0.211909,0.425672,0.384424
3.213000,-0.164273,0.389893,0.399506
3.214000,-0.230765,0.357763,0.409292
3.215000,-0.183097,0.329654,0.379586
3.216000,-0.172850,0.263211,0.410995
3.217000,-0.223178,0.407533,0.409901
3.218000,-0.188513,0.344279,0.419519
3.219000,-0.199616,0.339774,0.395345
3.220000,-0.222316,0.354035,0.398481
3.221000,-0.312650,0.304728,0.412765
3.222000,-0.147772,0.462048,0.383304
3.223000,-0.280294,0.403571,0.389488
3.224000,-0.147104,0.323195,0.411817
3.225000,-0.202943,0.346449,0.415007
3.226000,-0.153022,0.323131,0.372261
3.227000,-0.114664,0.348126,0.402698
3.228000,-0.230946,0.347592,0.391888
3.229000,-0.220942,0.235593,0.407321
3.230000,-0.178821,0.315785,0.411540
3.231000,-0.199476,0.332187,0.389700
3.232000,-0.118019,0.450913,0.389473
3.233000,-0.237564,0.339894,0.407783
3.234000,-0.186936,0.344658,0.407889
3.235000,-0.179958,0.339605,0.398175
3.236000,-0.206710,0.398696,0.399808
3.237000,-0.191305,0.351888,0.409285
3.238000,-0.209143,0.442275,0.391317
3.239000,-0.258793,0.363210,0.403508
3.240000,-0.210299,0.505033,0.404358
3.241000,-0.132172,0.380552,0.403414
3.242000,-0.233518,0.359199,0.405383
3.243000,-0.252052,0.244463,0.412208
3.244000,-0.161348,0.372678,0.397230
3.245000,-0.153017,0.287127,0.394109
3.246000,-0.218045,0.406481,0.397286
3.247000,-0.219653,0.390430,0.409572
3.248000,-0.197650,0.370113,0.387147
3.249000,-0.218204,0.308048,0.397242
3.250000,-0.156271,0.316239,0.406957
3.251000,-0.153437,0.309122,0.421551
3.252000,-0.204182,0.300278,0.390614
3.253000,-0.170816,0.341741,0.401266
3.254000,-0.301276,0.308688,0.385238
3.255000,-0.155191,0.321324,0.394380
3.256000,-0.189993,0.406502,0.408725
3.257000,-0.150945,0.315227,0.396663
3.258000,-0.191292,0.304241,0.399104
3.259000,-0.190078,0.384108,0.380926
3.260000,-0.208197,0.354362,0.417722
3.261000,-0.163771,0.325784,0.392717
3.262000,-0.161860,0.372504,0.391089
3.263000,-0.188701,0.421168,0.406129
3.264000,-0.228572,0.282366,0.406402
3.265000,-0.183524,0.397275,0.412924
3.266000,-0.227046,0.351027,0.391196
3.267000,-0.275341,0.337355,0.408192
3.268000,-0.188970,0.349536,0.384810
3.269000,-0.187690,0.350113,0.400056
3.270000,-0.213309,0.335400,0.405547
3.271000,-0.176690,0.262889,0.403106
3.272000,-0.209581,0.355027,0.407343
3.273000,-0.162133,0.435181,0.397990
3.274000,-0.163202,0.300363,0.406584
3.275000,-0.258562,0.390225,0.389285
3.276000,-0.255633,0.376550,0.407358
3.277000,-0.116674,0.333560,0.394886
3.278000,-0.198711,0.290682,0.391816
3.279000,-0.190041,0.290788,0.378035
3.280000,-0.264909,0.352011,0.388009
3.281000,-0.150620,0.386618,0.406486
3.282000,-0.206074,0.353843,0.387577
3.283000,-0.180374,0.388135,0.400588
3.284000,-0.256737,0.270859,0.397847
3.285000,-0.206016,0.448136,0.385854
3.286000,-0.269796,0.363418,0.395239
3.287000,-0.067147,0.291055,0.415341
3.288000,-0.240122,0.347463,0.397297
3.289000,-0.241741,0.410985,0.405613
3.290000,-0.241600,0.407638,0.391568
3.291000,-0.135039,0.356681,0.392137
3.292000,-0.194473,0.308620,0.382499
3.293000,-0.133708,0.320252,0.392314
3.294000,-0.265039,0.359903,0.379661
3.295000,-0.247005,0.356802,0.387946
3.296000,-0.169864,0.377608,0.408886
3.297000,-0.210250,0.312624,0.393157
3.298000,-0.111099,0.372871,0.402434
3.299000,-0.180934,0.432702,0.414441
3.300000,-0.276429,0.358983,0.418058
3.301000,-0.208752,0.343582,0.392695
3.302000,-0.175743,0.330286,0.413103
3.303000,-0.247978,0.332269,0.401756
3.304000,-0.216766,0.332231,0.402223
3.305000,-0.214258,0.352306,0.386390
3.306000,-0.142645,0.258081,0.393303
3.307000,-0.134711,0.246549,0.420856
3.308000,-0.227598,0.332858,0.399832
3.309000,-0.150067,0.339653,0.406531
3.310000,-0.155346,0.419195,0.402355
3.311000,-0.228597,0.289513,0.393052
3.312000,-0.215728,0.319050,0.407789
3.313000,-0.292010,0.316081,0.407908
3.314000,-0.217868,0.341076,0.406398
3.315000,-0.131654,0.402716,0.392393
3.316000,-0.288827,0.348214,0.389759
3.317000,-0.223623,0.307377,0.411122
3.318000,-0.224843,0.336807,0.409636
3.319000,-0.181226,0.333161,0.402692
3.320000,-0.129843,0.384084,0.398505
3.321000,-0.179382,0.353382,0.413464
3.322000,-0.217890,0.374558,0.421048
3.323000,-0.240226,0.344908,0.415588
3.324000,-0.116270,0.384477,0.403864
3.325000,-0.205826,0.264278,0.391068
3.326000,-0.152492,0.322539,0.397247
3.327000,-0.193052,0.337912,0.395413
3.328000,-0.304751,0.363971,0.399798
3.329000,-0.191290,0.326048,0.406616
3.330000,-0.242953,0.413202,0.408066
3.331000,-0.158061,0.334203,0.377404
3.332000,-0.252595,0.263149,0.400351
3.333000,-0.185254,0.440173,0.393047
3.334000,-0.226435,0.268830,0.427472
3.335000,-0.174686,0.404292,0.395820
3.336000,-0.218200,0.332105,0.377045
3.337000,-0.239586,0.342656,0.402896
3.338000,-0.149977,0.356603,0.393771
3.339000,-0.244165,0.314403,0.418387
3.340000,-0.194715,0.342430,0.416205
3.341000,-0.177054,0.365699,0.388546
3.342000,-0.159539,0.289826,0.399039
3.343000,-0.263477,0.418942,0.405482
3.344000,-0.221367,0.297398,0.395120
3.345000,-0.193695,0.251980,0.408106
3.346000,-0.160798,0.338788,0.403714
3.347000,-0.158474,0.375171,0.402587
3.348000,-0.233693,0.325855,0.399668
3.349000,-0.302873,0.359572,0.387517
3.350000,-0.197573,0.342879,0.396551
3.351000,-0.289363,0.364718,0.402410
3.352000,-0.200019,0.355780,0.391447
3.353000,-0.151030,0.344489,0.408312
3.354000,-0.247892,0.310170,0.402873
3.355000,-0.193375,0.342853,0.412526
3.356000,-0.282239,0.345259,0.386173
3.357000,-0.125734,0.356405,0.415529
3.358000,-0.131166,0.313545,0.396141
3.359000,-0.141537,0.306409,0.398675
3.360000,-0.224732,0.290407,0.420255
3.361000,-0.173876,0.324526,0.386595
3.362000,-0.213104,0.373183,0.417780
3.363000,-0.111020,0.351603,0.416336
3.364000,-0.196584,0.385723,0.402242
3.365000,-0.231210,0.413422,0.397858
3.366000,-0.237906,0.300645,0.408855
3.367000,-0.171984,0.378633,0.401699
3.368000,-0.273169,0.399827,0.406977
3.369000,-0.189170,0.299791,0.392559
3.370000,-0.178529,0.306874,0.406525
3.371000,-0.199800,0.361382,0.409732
3.372000,-0.171061,0.354315,0.391068
3.373000,-0.219870,0.404309,0.402227
3.374000,-0.126485,0.275882,0.415235
3.375000,-0.255628,0.275429,0.390898
3.376000,-0.256480,0.414745,0.390331
3.377000,-0.189541,0.331224,0.383832
3.378000,-0.188506,0.348870,0.387805
3.379000,-0.161515,0.300701,0.382215
3.380000,-0.161706,0.321123,0.388364
3.381000,-0.236422,0.313249,0.399294
3.382000,-0.266532,0.392911,0.404733
3.383000,-0.221412,0.423618,0.401708
3.384000,-0.191525,0.334544,0.400005
3.385000,-0.152208,0.316067,0.408541
3.386000,-0.243505,0.311078,0.390570
3.387000,-0.279064,0.363789,0.387284
3.388000,-0.167987,0.382629,0.396618
3.389000,-0.178055,0.362523,0.410049
3.390000,-0.259554,0.359225,0.411178
3.391000,-0.222542,0.358133,0.394186
3.392000,-0.108760,0.379405,0.397729
3.393000,-0.148510,0.333124,0.403348
3.394000,-0.177787,0.411358,0.396703
3.395000,-0.119231,0.385333,0.410114
3.396000,-0.172963,0.390953,0.404693
3.397000,-0.205008,0.408005,0.403639
3.398000,-0.172954,0.292263,0.415348
3.399000,-0.193041,0.407588,0.405904
3.400000,-0.214486,0.374989,0.391415
3.401000,-0.295266,0.294302,0.412679
3.402000,-0.247538,0.313493,0.409574
3.403000,-0.189280,0.304771,0.399490
3.404000,-0.233533,0.378650,0.404574
3.405000,-0.256421,0.279035,0.384108
3.406000,-0.187515,0.371020,0.402145
3.407000,-0.254209,0.281924,0.407928
3.408000,-0.336758,0.361433,0.395740
3.409000,-0.232729,0.441566,0.406385
3.410000,-0.204801,0.332740,0.385931
3.411000,-0.267412,0.257350,0.398819
3.412000,-0.275386,0.334978,0.396125
3.413000,-0.187337,0.343865,0.397750
3.414000,-0.221113,0.292900,0.404042
3.415000,-0.214734,0.434196,0.410932
3.416000,-0.205857,0.392135,0.388748
3.417000,-0.241184,0.271899,0.408001
3.418000,-0.182089,0.291018,0.410722
3.419000,-0.198313,0.287952,0.398350
3.420000,-0.225787,0.425259,0.398001
3.421000,-0.181758,0.340818,0.417069
3.422000,-0.248617,0.376406,0.399944
3.423000,-0.238593,0.341437,0.416221
3.424000,-0.183506,0.306964,0.392904
3.425000,-0.171563,0.395217,0.392562
3.426000,-0.256046,0.305747,0.388671
3.427000,-0.186625,0.348009,0.395417
3.428000,-0.294511,0.317902,0.388913
3.429000,-0.182543,0.360017,0.405925
3.430000,-0.225773,0.375877,0.409113
3.431000,-0.192804,0.397096,0.398624
3.432000,-0.270605,0.277147,0.416534
3.433000,-0.272876,0.359814,0.400494
3.434000,-0.222004,0.395187,0.414918
3.435000,-0.249760,0.344734,0.401878
3.436000,-0.281996,0.365801,0.405318
3.437000,-0.219008,0.405799,0.383374
3.438000,-0.181700,0.311263,0.389569
3.439000,-0.183525,0.330260,0.395108
3.440000,-0.138328,0.275954,0.388378
3.441000,-0.252997,0.349771,0.399888
3.442000,-0.221190,0.292089,0.390270
3.443000,-0.203193,0.251540,0.405892
3.444000,-0.231326,0.386730,0.404222
3.445000,-0.196349,0.345649,0.377836
3.446000,-0.200711,0.327644,0.410634
3.447000,-0.256855,0.289038,0.410562
3.448000,-0.255219,0.369374,0.386701
3.449000,-0.222424,0.354678,0.398464
3.450000,-0.231641,0.375465,0.380374
3.451000,-0.258236,0.256120,0.390731
3.452000,-0.256244,0.352921,0.397381
3.453000,-0.193090,0.387628,0.414364
3.454000,-0.233223,0.195146,0.402959
3.455000,-0.165273,0.277123,0.393713
3.456000,-0.189101,0.356596,0.405881
3.457000,-0.194896,0.244453,0.407793
3.458000,-0.245146,0.435072,0.416693
3.459000,-0.225860,0.395371,0.393232
3.460000,-0.200491,0.358488,0.408877
3.461000,-0.286832,0.432774,0.403690
3.462000,-0.164667,0.319320,0.400350
3.463000,-0.226050,0.338963,0.398015
3.464000,-0.188863,0.439774,0.385365
3.465000,-0.253835,0.246553,0.397531
3.466000,-0.227570,0.354958,0.394769
3.467000,-0.307881,0.286835,0.403642
3.468000,-0.229212,0.425947,0.416204
3.469000,-0.225004,0.365502,0.406243
3.470000,-0.149241,0.372444,0.398738
3.471000,-0.262979,0.295630,0.399644
3.472000,-0.260153,0.292081,0.402649
3.473000,-0.294075,0.290906,0.420885
3.474000,-0.321036,0.376608,0.402396
3.475000,-0.261626,0.369818,0.387650
3.476000,-0.213653,0.323826,0.399160
3.477000,-0.227191,0.361939,0.407363
3.478000,-0.157727,0.308039,0.399450
3.479000,-0.196520,0.361827,0.385028
3.480000,-0.229483,0.362490,0.417451
3.481000,-0.303619,0.380356,0.386993
3.482000,-0.206098,0.332356,0.393606
3.483000,-0.234876,0.353048,0.409364
3.484000,-0.227453,0.377181,0.387684
3.485000,-0.257199,0.264029,0.401447
3.486000,-0.207267,0.367212,0.400944
3.487000,-0.185700,0.248887,0.401673
3.488000,-0.258325,0.358872,0.395526
3.489000,-0.221880,0.404400,0.413384
3.490000,-0.223321,0.293026,0.408709
3.491000,-0.232543,0.319131,0.395771
3.492000,-0.264551,0.340070,0.411685
3.493000,-0.177874,0.308561,0.383452
3.494000,-0.308680,0.339506,0.389718
3.495000,-0.221918,0.334504,0.408255
3.496000,-0.322899,0.326156,0.400725
3.497000,-0.241568,0.335607,0.392285
3.498000,-0.244681,0.372806,0.390578
3.499000,-0.208971,0.361815,0.395864
3.500000,-0.231630,0.288394,0.403585
3.501000,-0.262280,0.279134,0.406999
3.502000,-0.210273,0.357573,0.382843
3.503000,-0.306330,0.298618,0.394157
3.504000,-0.233741,0.324310,0.396874
3.505000,-0.308997,0.391223,0.408390
3.506000,-0.159018,0.288255,0.386210
3.507000,-0.248901,0.285950,0.398891
3.508000,-0.218240,0.355437,0.380677
3.509000,-0.247533,0.340402,0.417826
3.510000,-0.191817,0.307259,0.403485
3.511000,-0.153416,0.341117,0.399002
3.512000,-0.117835,0.343166,0.408055
3.513000,-0.199412,0.302152,0.400554
3.514000,-0.238372,0.361009,0.401058
3.515000,-0.262533,0.325667,0.405087
3.516000,-0.213532,0.262596,0.411154
3.517000,-0.171988,0.326390,0.404180
3.518000,-0.161648,0.362088,0.400806
3.519000,-0.276394,0.415894,0.401742
3.520000,-0.249582,0.312226,0.398428
3.521000,-0.310793,0.350246,0.412815
3.522000,-0.244407,0.366432,0.397829
3.523000,-0.229653,0.323585,0.406654
3.524000,-0.235084,0.395895,0.391836
3.525000,-0.222232,0.429380,0.414410
3.526000,-0.278843,0.308033,0.410324
3.527000,-0.260868,0.328225,0.401862
3.528000,-0.276046,0.328706,0.391234
3.529000,-0.187701,0.353501,0.404482
3.530000,-0.183539,0.320388,0.401078
3.531000,-0.185497,0.266002,0.394454
3.532000,-0.272000,0.401091,0.404426
3.533000,-0.233332,0.372594,0.417486
3.534000,-0.265520,0.329545,0.408735
3.535000,-0.180477,0.253686,0.402654
3.536000,-0.261484,0.313347,0.400832
3.537000,-0.265941,0.311103,0.408412
3.538000,-0.206882,0.360153,0.390633
3.539000,-0.249922,0.398015,0.400536
3.540000,-0.228475,0.244000,0.391688
3.541000,-0.242614,0.302965,0.392805
3.542000,-0.245646,0.272491,0.419805
3.543000,-0.344788,0.345565,0.402307
3.544000,-0.245771,0.283487,0.400257
3.545000,-0.259387,0.325945,0.393971
3.546000,-0.346785,0.373689,0.410192
3.547000,-0.220133,0.366156,0.415839
3.548000,-0.309233,0.332210,0.390341
3.549000,-0.245964,0.311497,0.410236
3.550000,-0.261219,0.426841,0.394595
3.551000,-0.283192,0.292097,0.393621
3.552000,-0.247736,0.304811,0.393308
3.553000,-0.237371,0.269977,0.389604
3.554000,-0.268045,0.321137,0.377174
3.555000,-0.207828,0.391921,0.392941
3.556000,-0.218132,0.305178,0.381413
3.557000,-0.246659,0.373332,0.400640
3.558000,-0.223286,0.339105,0.408555
3.559000,-0.239369,0.352293,0.414225
3.560000,-0.274246,0.315079,0.410428
3.561000,-0.214235,0.348743,0.407731
3.562000,-0.264987,0.312594,0.384179
3.563000,-0.311310,0.311326,0.418321
3.564000,-0.192561,0.279058,0.395197
3.565000,-0.173197,0.295123,0.404379
3.566000,-0.300495,0.306913,0.405083
3.567000,-0.222095,0.319648,0.391954
3.568000,-0.236495,0.345668,0.403863
3.569000,-0.294093,0.328225,0.391093
3.570000,-0.226423,0.262229,0.396909
3.571000,-0.151946,0.371584,0.389253
3.572000,-0.263087,0.328443,0.406256
3.573000,-0.372153,0.394109,0.409791
3.574000,-0.218613,0.345780,0.406234
3.575000,-0.264788,0.335557,0.398009
3.576000,-0.285709,0.319694,0.395461
3.577000,-0.271523,0.300042,0.399988
3.578000,-0.278117,0.306478,0.391466
3.579000,-0.201401,0.301703,0.411247
3.580000,-0.330922,0.304521,0.413650
3.581000,-0.333496,0.405881,0.393640
3.582000,-0.257963,0.236382,0.389222
3.583000,-0.256708,0.339858,0.385246
3.584000,-0.283292,0.304917,0.398690
3.585000,-0.228349,0.287891,0.408371
3.586000,-0.273238,0.256594,0.402890
3.587000,-0.179143,0.432472,0.399688
3.588000,-0.258929,0.341906,0.399978
3.589000,-0.244268,0.269024,0.404349
3.590000,-0.197504,0.323462,0.407965
3.591000,-0.212834,0.319473,0.422557
3.592000,-0.247356,0.314305,0.398218
3.593000,-0.185522,0.390783,0.404202
3.594000,-0.239342,0.386830,0.418314
3.595000,-0.253846,0.391143,0.382640
3.596000,-0.172569,0.320332,0.388695
3.597000,-0.235275,0.376175,0.388211
3.598000,-0.234029,0.309139,0.420851
3.599000,-0.220972,0.364585,0.413397
3.600000,-0.221847,0.303174,0.383080
3.601000,-0.195453,0.383198,0.404914
3.602000,-0.219653,0.328944,0.372461
3.603000,-0.275674,0.342859,0.412958
3.604000,-0.151225,0.329982,0.405049
3.605000,-0.272603,0.295050,0.378974
3.606000,-0.335196,0.262500,0.376366
3.607000,-0.251095,0.247631,0.410900
3.608000,-0.248142,0.305407,0.405360
3.609000,-0.288924,0.317664,0.395848
3.610000,-0.275162,0.333140,0.403760
3.611000,-0.187922,0.355918,0.414671
3.612000,-0.238447,0.316761,0.398618
3.613000,-0.197786,0.287083,0.410878
3.614000,-0.260568,0.263024,0.395162
3.615000,-0.235464,0.383029,0.408714
3.616000,-0.216447,0.376759,0.416669
3.617000,-0.257988,0.327315,0.393202
3.618000,-0.254678,0.332950,0.398789
3.619000,-0.275863,0.354053,0.387765
3.620000,-0.216757,0.301595,0.400196
3.621000,-0.266367,0.387806,0.405145
3.622000,-0.230500,0.341996,0.397135
3.623000,-0.211303,0.355383,0.419197
3.624000,-0.224747,0.353668,0.397463
3.625000,-0.276572,0.257651,0.400835
3.626000,-0.280989,0.372800,0.386579
3.627000,-0.221896,0.324748,0.397617
3.628000,-0.219144,0.278833,0.393316
3.629000,-0.250135,0.305595,0.391182
3.630000,-0.211719,0.241230,0.404098
3.631000,-0.173247,0.230583,0.399555
3.632000,-0.237385,0.298500,0.401133
3.633000,-0.278652,0.306395,0.400510
3.634000,-0.192161,0.362995,0.402134
3.635000,-0.219821,0.279343,0.394993
3.636000,-0.288089,0.360640,0.415195
3.637000,-0.228331,0.253055,0.385339
3.638000,-0.195121,0.319840,0.392668
3.639000,-0.185937,0.400445,0.413017
3.640000,-0.262041,0.366175,0.400819
3.641000,-0.235122,0.335808,0.389714
3.642000,-0.288379,0.294203,0.384712
3.643000,-0.192233,0.316211,0.409665
3.644000,-0.281243,0.376509,0.391759
3.645000,-0.127062,0.373418,0.388183
3.646000,-0.199805,0.284372,0.384834
3.647000,-0.206646,0.361668,0.397114
3.648000,-0.190147,0.326396,0.418431
3.649000,-0.290612,0.424998,0.394816
3.650000,-0.205577,0.434435,0.400061
3.651000,-0.269906,0.257281,0.421981
3.652000,-0.206173,0.308639,0.401785
3.653000,-0.328860,0.288927,0.401542
3.654000,-0.219470,0.315999,0.406279
3.655000,-0.272301,0.345646,0.403552
3.656000,-0.240155,0.335022,0.400503
3.657000,-0.175489,0.341039,0.392014
3.658000,-0.288590,0.321534,0.385018
3.659000,-0.233449,0.282866,0.379044
3.660000,-0.289541,0.238779,0.395391
3.661000,-0.322605,0.335278,0.402970
3.662000,-0.244719,0.290251,0.403112
3.663000,-0.345223,0.346952,0.385341
3.664000,-0.288429,0.336112,0.410423
3.665000,-0.223702,0.311061,0.386735
3.666000,-0.235991,0.377379,0.401074
3.667000,-0.291757,0.268244,0.415728
3.668000,-0.307163,0.264774,0.412378
3.669000,-0.281895,0.333792,0.404922
3.670000,-0.235769,0.362551,0.392225
3.671000,-0.190571,0.280158,0.403686
3.672000,-0.313416,0.370427,0.424627
3.673000,-0.222667,0.289477,0.402822
3.674000,-0.284640,0.233544,0.395947
3.675000,-0.244169,0.305374,0.395744
3.676000,-0.194030,0.249860,0.408740
3.677000,-0.245515,0.272745,0.395549
3.678000,-0.300287,0.328562,0.409816
3.679000,-0.260643,0.318675,0.391580
3.680000,-0.252603,0.379154,0.385676
3.681000,-0.299921,0.270430,0.402969
3.682000,-0.290715,0.320041,0.390702
3.683000,-0.259071,0.341904,0.372591
3.684000,-0.294366,0.303833,0.397399
3.685000,-0.273288,0.256315,0.419919
3.686000,-0.275818,0.296124,0.406203
3.687000,-0.319148,0.298497,0.400880
3.688000,-0.254709,0.335703,0.390455
3.689000,-0.247247,0.366735,0.390231
3.690000,-0.250888,0.354493,0.394713
3.691000,-0.167957,0.284044,0.398335
3.692000,-0.255963,0.318935,0.393575
3.693000,-0.191653,0.275936,0.394677
3.694000,-0.176569,0.329265,0.400036
3.695000,-0.231404,0.373877,0.409019
3.696000,-0.284175,0.275057,0.395870
3.697000,-0.128336,0.298571,0.393062
3.698000,-0.210903,0.232962,0.398678
3.699000,-0.307703,0.293453,0.401031
3.700000,-0.269791,0.330071,0.414101
3.701000,-0.261255,0.344845,0.393377
3.702000,-0.233070,0.308754,0.414935
3.703000,-0.285958,0.302235,0.400995
3.704000,-0.217902,0.299883,0.388133
3.705000,-0.331104,0.336518,0.390888
3.706000,-0.229685,0.330950,0.399414
3.707000,-0.212943,0.219642,0.398271
3.708000,-0.249243,0.393736,0.392036
3.709000,-0.215234,0.313733,0.389306
3.710000,-0.254350,0.229549,0.397495
3.711000,-0.184468,0.229414,0.386599
3.712000,-0.269192,0.276667,0.398377
3.713000,-0.248154,0.288916,0.402703
3.714000,-0.259984,0.372404,0.408652
3.715000,-0.259523,0.311363,0.401879
3.716000,-0.261132,0.324728,0.396284
3.717000,-0.182293,0.338371,0.388212
3.718000,-0.281265,0.278350,0.382326
3.719000,-0.185022,0.351684,0.400720
3.720000,-0.282704,0.350729,0.383994
3.721000,-0.235976,0.326777,0.414998
3.722000,-0.270879,0.277416,0.419157
3.723000,-0.236053,0.373331,0.397154
3.724000,-0.294171,0.292764,0.407631
3.725000,-0.124706,0.282445,0.406085
3.726000,-0.282557,0.372556,0.413762
3.727000,-0.242835,0.330186,0.408064
3.728000,-0.394941,0.372668,0.426636
3.729000,-0.236756,0.257668,0.395966
3.730000,-0.245183,0.412617,0.409251
3.731000,-0.208545,0.320457,0.396340
3.732000,-0.226837,0.449978,0.394336
3.733000,-0.268154,0.351529,0.414587
3.734000,-0.260320,0.260957,0.385999
3.735000,-0.213663,0.252958,0.406650
3.736000,-0.274641,0.347687,0.416375
3.737000,-0.196524,0.383873,0.395812
3.738000,-0.280021,0.359897,0.384576
3.739000,-0.198621,0.255408,0.400362
3.740000,-0.233070,0.262104,0.405553
3.741000,-0.269974,0.293406,0.411977
3.742000,-0.282892,0.351889,0.410233
3.743000,-0.167246,0.256605,0.409735
3.744000,-0.209775,0.299109,0.390908
3.745000,-0.305925,0.348397,0.410637
3.746000,-0.194270,0.306174,0.397300
3.747000,-0.368829,0.290481,0.406757
3.748000,-0.305109,0.284225,0.408089
3.749000,-0.233370,0.302034,0.379284
3.750000,-0.291101,0.257619,0.412744
3.751000,-0.326405,0.329684,0.408148
3.752000,-0.237567,0.285526,0.420817
3.753000,-0.298427,0.288793,0.407473
3.754000,-0.233217,0.286275,0.392724
3.755000,-0.249882,0.193529,0.381720
3.756000,-0.222262,0.186024,0.395145
3.757000,-0.258580,0.272339,0.394546
3.758000,-0.234648,0.292190,0.375096
3.759000,-0.230760,0.317177,0.400111
3.760000,-0.300359,0.221403,0.419901
3.761000,-0.261636,0.348739,0.404445
3.762000,-0.263808,0.378611,0.412548
3.763000,-0.203790,0.270207,0.390135
3.764000,-0.206734,0.312654,0.398751
3.765000,-0.297821,0.235201,0.411077
3.766000,-0.254449,0.260637,0.397508
3.767000,-0.314236,0.275414,0.391455
3.768000,-0.241303,0.322699,0.398535
3.769000,-0.173398,0.304735,0.395132
3.770000,-0.236731,0.346038,0.388179
3.771000,-0.173409,0.313037,0.393412
3.772000,-0.205736,0.342125,0.419144
3.773000,-0.215779,0.269006,0.400396
3.774000,-0.263065,0.342546,0.383456
3.775000,-0.232857,0.284813,0.387685
3.776000,-0.326147,0.259472,0.404931
3.777000,-0.230222,0.311501,0.409468
3.778000,-0.286214,0.332601,0.405521
3.779000,-0.270512,0.267972,0.391533
3.780000,-0.297491,0.317424,0.399393
3.781000,-0.333109,0.326389,0.406620
3.782000,-0.311037,0.346890,0.406790
3.783000,-0.256097,0.282635,0.412522
3.784000,-0.266232,0.376871,0.399049
3.785000,-0.416889,0.248955,0.407742
3.786000,-0.241587,0.339949,0.410910
3.787000,-0.186629,0.284637,0.408905
3.788000,-0.226763,0.262120,0.405939
3.789000,-0.212835,0.346961,0.419027
3.790000,-0.150279,0.312098,0.395283
3.791000,-0.229214,0.307964,0.407972
3.792000,-0.248426,0.220998,0.394481
3.793000,-0.298258,0.202326,0.405583
3.794000,-0.188982,0.252160,0.409895
3.795000,-0.330210,0.268393,0.398913
3.796000,-0.243088,0.367090,0.396335
3.797000,-0.250768,0.292982,0.403274
3.798000,-0.317875,0.282281,0.398885
3.799000,-0.357934,0.316601,0.399373
3.800000,-0.295844,0.286687,0.399374
3.801000,-0.187650,0.275914,0.386523
3.802000,-0.261810,0.371891,0.397243
3.803000,-0.260493,0.255039,0.391976
3.804000,-0.238887,0.316955,0.401761
3.805000,-0.279117,0.346857,0.393048
3.806000,-0.233472,0.312819,0.388671
3.807000,-0.296076,0.243965,0.402762
3.808000,-0.256734,0.260159,0.395592
3.809000,-0.287783,0.314473,0.402787
3.810000,-0.246091,0.354935,0.402522
3.811000,-0.212618,0.244134,0.394429
3.812000,-0.250663,0.282382,0.413111
3.813000,-0.318071,0.328229,0.417026
3.814000,-0.304089,0.265681,0.416761
3.815000,-0.265324,0.255825,0.393073
3.816000,-0.241035,0.348838,0.375502
3.817000,-0.276001,0.270492,0.419127
3.818000,-0.265696,0.336399,0.392034
3.819000,-0.281057,0.179997,0.410118
3.820000,-0.215474,0.280859,0.388597
3.821000,-0.152090,0.271466,0.401100
3.822000,-0.221065,0.318455,0.392333
3.823000,-0.166750,0.236415,0.404980
3.824000,-0.295323,0.291339,0.403052
3.825000,-0.344391,0.310904,0.411490
3.826000,-0.291238,0.349967,0.406742
3.827000,-0.243326,0.251367,0.391737
3.828000,-0.251814,0.320404,0.401805
3.829000,-0.348467,0.336187,0.389017
3.830000,-0.203135,0.395071,0.414457
3.831000,-0.275478,0.317191,0.383118
3.832000,-0.280730,0.404887,0.380609
3.833000,-0.251669,0.288864,0.405282
3.834000,-0.289666,0.334965,0.399671
3.835000,-0.318772,0.255765,0.404524
3.836000,-0.336466,0.336375,0.378318
3.837000,-0.198792,0.246041,0.414392
3.838000,-0.189884,0.284506,0.415494
3.839000,-0.259562,0.315824,0.415348
3.840000,-0.281042,0.339933,0.392282
3.841000,-0.194612,0.269324,0.411392
3.842000,-0.258677,0.327251,0.380302
3.843000,-0.270598,0.323585,0.404643
3.844000,-0.293305,0.343593,0.397977
3.845000,-0.320695,0.310223,0.399446
3.846000,-0.307509,0.236285,0.409712
3.847000,-0.298494,0.284003,0.413417
3.848000,-0.284710,0.311070,0.394862
3.849000,-0.298367,0.223798,0.416586
3.850000,-0.250587,0.311691,0.399990
3.851000,-0.311057,0.303128,0.389795
3.852000,-0.254597,0.317088,0.397981
3.853000,-0.240464,0.325012,0.403940
3.854000,-0.341016,0.260392,0.399172
3.855000,-0.213208,0.292587,0.402031
3.856000,-0.268024,0.277705,0.403526
3.857000,-0.342036,0.259229,0.418036
3.858000,-0.228855,0.266396,0.404775
3.859000,-0.290478,0.243989,0.402197
3.860000,-0.305789,0.355252,0.397814
3.861000,-0.305274,0.294305,0.397836
3.862000,-0.236104,0.326919,0.390821
3.863000,-0.238705,0.348692,0.403644
3.864000,-0.223767,0.265147,0.410667
3.865000,-0.266432,0.348006,0.402372
3.866000,-0.247064,0.215464,0.386938
3.867000,-0.268683,0.243485,0.387827
3.868000,-0.387236,0.243499,0.402353
3.869000,-0.328220,0.320645,0.381542
3.870000,-0.182467,0.348574,0.375749
3.871000,-0.365567,0.294319,0.382930
3.872000,-0.306307,0.309004,0.380344
3.873000,-0.243547,0.288464,0.385536
3.874000,-0.212303,0.322806,0.393449
3.875000,-0.224530,0.262514,0.382667
3.876000,-0.281625,0.296817,0.398993
3.877000,-0.275286,0.296998,0.398279
3.878000,-0.265415,0.341113,0.399605
3.879000,-0.240159,0.273607,0.392088
3.880000,-0.339683,0.310443,0.401632
3.881000,-0.333707,0.233698,0.416309
3.882000,-0.255510,0.272338,0.400978
3.883000,-0.304889,0.296526,0.402096
3.884000,-0.345716,0.238305,0.402294
3.885000,-0.330830,0.331602,0.397497
3.886000,-0.287386,0.322574,0.402174
3.887000,-0.235875,0.258735,0.403642
3.888000,-0.244210,0.278824,0.396659
3.889000,-0.254367,0.331695,0.393613
3.890000,-0.251671,0.252342,0.384506
3.891000,-0.248059,0.288297,0.390235
3.892000,-0.319017,0.306471,0.402693
3.893000,-0.231012,0.299057,0.395943
3.894000,-0.228248,0.382534,0.399188
3.895000,-0.298405,0.291718,0.394940
3.896000,-0.338366,0.294965,0.399983
3.897000,-0.315852,0.339434,0.427045
3.898000,-0.261836,0.248606,0.399838
3.899000,-0.252815,0.284890,0.400322
3.900000,-0.260098,0.245772,0.405852
3.901000,-0.309686,0.373515,0.393635
3.902000,-0.358468,0.326259,0.387369
3.903000,-0.097757,0.347489,0.407269
3.904000,-0.316458,0.323308,0.407643
3.905000,-0.287399,0.264927,0.392938
3.906000,-0.253973,0.316755,0.395192
3.907000,-0.286010,0.329431,0.412788
3.908000,-0.275243,0.272826,0.406484
3.909000,-0.364949,0.265392,0.391829
3.910000,-0.300178,0.302965,0.410991
3.911000,-0.180418,0.363729,0.396440
3.912000,-0.266083,0.261502,0.403490
3.913000,-0.292518,0.317306,0.409999
3.914000,-0.299699,0.349818,0.406601
3.915000,-0.297090,0.253399,0.415773
3.916000,-0.325260,0.373388,0.419811
3.917000,-0.257430,0.300599,0.398405
3.918000,-0.322674,0.332063,0.394205
3.919000,-0.282093,0.386871,0.401999
3.920000,-0.161880,0.363797,0.408645
3.921000,-0.243710,0.378967,0.397946
3.922000,-0.302464,0.282037,0.388659
3.923000,-0.318258,0.267924,0.410431
3.924000,-0.258394,0.273568,0.394706
3.925000,-0.315396,0.231606,0.389607
3.926000,-0.355155,0.298062,0.403952
3.927000,-0.303361,0.291897,0.405176
3.928000,-0.247727,0.275287,0.403881
3.929000,-0.268687,0.207046,0.411861
3.930000,-0.252758,0.307319,0.405860
3.931000,-0.216577,0.227172,0.423781
3.932000,-0.306939,0.237539,0.381651
3.933000,-0.324361,0.288062,0.394696
3.934000,-0.339900,0.318622,0.379488
3.935000,-0.331589,0.385133,0.404641
3.936000,-0.290689,0.295840,0.402039
3.937000,-0.251921,0.293715,0.402061
3.938000,-0.272294,0.259409,0.394265
3.939000,-0.225660,0.243368,0.400930
3.940000,-0.339386,0.223727,0.390296
3.941000,-0.304105,0.299837,0.413597
3.942000,-0.302757,0.278897,0.396868
3.943000,-0.202310,0.322866,0.395826
3.944000,-0.252778,0.262968,0.404051
3.945000,-0.331132,0.219765,0.395538
3.946000,-0.301865,0.248008,0.396415
3.947000,-0.283005,0.240715,0.410731
3.948000,-0.257536,0.279537,0.401584
3.949000,-0.230315,0.329788,0.408130
3.950000,-0.308126,0.375303,0.396246
3.951000,-0.234819,0.303774,0.399590
3.952000,-0.244591,0.243485,0.380955
3.953000,-0.215213,0.314909,0.399940
3.954000,-0.264137,0.256352,0.416171
3.955000,-0.273976,0.245746,0.410765
3.956000,-0.228643,0.359159,0.382273
3.957000,-0.295219,0.261941,0.405499
3.958000,-0.228141,0.265066,0.396763
3.959000,-0.267201,0.316966,0.412238
3.960000,-0.348449,0.222940,0.400040
3.961000,-0.309304,0.343023,0.395127
3.962000,-0.259059,0.254056,0.423586
3.963000,-0.311679,0.254343,0.420593
3.964000,-0.185948,0.265806,0.394699
3.965000,-0.278016,0.284072,0.399899
3.966000,-0.283649,0.342069,0.391451
3.967000,-0.185711,0.193500,0.383493
3.968000,-0.238839,0.299971,0.411507
3.969000,-0.215559,0.290199,0.381938
3.970000,-0.250577,0.271837,0.403260
3.971000,-0.349028,0.258628,0.404147
3.972000,-0.274840,0.266781,0.407829
3.973000,-0.292481,0.300671,0.396794
3.974000,-0.291320,0.170337,0.406261
3.975000,-0.243093,0.244873,0.385070
3.976000,-0.261100,0.283250,0.398255
3.977000,-0.264329,0.245276,0.391843
3.978000,-0.305423,0.248302,0.411665
3.979000,-0.230453,0.264289,0.401081
3.980000,-0.183421,0.267773,0.395671
3.981000,-0.253717,0.326578,0.399259
3.982000,-0.267318,0.266610,0.387030
3.983000,-0.272191,0.331715,0.389241
3.984000,-0.263565,0.205395,0.400740
3.985000,-0.263876,0.343903,0.399795
3.986000,-0.321275,0.254807,0.410079
3.987000,-0.335852,0.342392,0.378017
3.988000,-0.344080,0.311647,0.405369
3.989000,-0.314013,0.274130,0.392072
3.990000,-0.286438,0.335469,0.383349
3.991000,-0.243162,0.299235,0.399558
3.992000,-0.218281,0.329853,0.400533
3.993000,-0.231876,0.221856,0.391984
3.994000,-0.221932,0.328890,0.396696
3.995000,-0.344064,0.303087,0.391719
3.996000,-0.391719,0.266800,0.389960
3.997000,-0.244188,0.209604,0.390449
3.998000,-0.228365,0.261833,0.412572
3.999000,-0.233669,0.234506,0.411472
4.000000,-0.246910,0.251261,0.387031
4.001000,0.047564,-0.047039,0.014426
4.002000,0.036373,-0.048613,-0.023492
4.003000,-0.015739,0.025289,-0.012972
4.004000,0.011950,-0.068139,0.012770
4.005000,0.009653,0.111081,0.003651
4.006000,0.085183,0.060916,0.005177
4.007000,-0.071214,0.020805,-0.006203
4.008000,0.017791,-0.038837,0.007458
4.009000,-0.005813,-0.013729,0.001042
4.010000,-0.137844,0.037055,-0.001469
4.011000,0.082359,0.020158,0.016609
4.012000,-0.039204,-0.012001,-0.007535
4.013000,0.025023,0.035899,-0.017690
4.014000,0.026036,-0.032858,-0.012214
4.015000,-0.050985,0.017239,-0.006157
4.016000,0.010201,-0.018925,-0.002505
4.017000,-0.065414,-0.021009,0.010822
4.018000,0.017831,0.042068,-0.001444
4.019000,0.072618,-0.049763,0.014609
4.020000,0.061860,-0.047499,0.008542
4.021000,-0.010386,0.046964,0.008512
4.022000,0.060679,-0.039137,-0.015615
4.023000,-0.029016,-0.045515,-0.002398
4.024000,-0.010369,-0.029167,0.011374
4.025000,0.033829,0.033903,-0.007113
4.026000,-0.006192,0.073536,-0.009841
4.027000,-0.009578,0.019149,-0.002221
4.028000,0.082165,-0.023270,0.006342
4.029000,-0.025213,-0.017429,-0.001766
4.030000,0.050288,-0.000177,0.012191
4.031000,0.014854,-0.018431,-0.006949
4.032000,-0.087992,0.003046,0.007462
4.033000,-0.003664,0.010167,0.014282
4.034000,0.001561,0.007186,0.000081
4.035000,0.009524,-0.067581,-0.012364
4.036000,-0.050596,0.030126,-0.009382
4.037000,-0.019898,0.035403,-0.010771
4.038000,-0.067929,-0.069882,0.016432
4.039000,-0.010081,-0.035375,-0.027289
4.040000,0.011986,-0.034355,-0.014714
4.041000,0.072679,0.037698,-0.003391
4.042000,-0.073014,0.091638,0.013160
4.043000,0.068990,0.034900,-0.000650
4.044000,-0.023721,-0.005817,0.017388
4.045000,-0.009697,-0.052806,-0.000532
4.046000,-0.032784,0.077783,-0.012665
4.047000,-0.045163,-0.013549,-0.014093
4.048000,-0.127186,-0.044955,-0.012759
4.049000,0.013154,0.061029,0.004557
4.050000,-0.049790,0.000897,0.005867
4.051000,-0.008272,-0.055349,-0.004707
4.052000,0.040213,0.015208,0.003809
4.053000,-0.019456,-0.007089,-0.003348
4.054000,-0.011742,-0.059263,0.015257
4.055000,-0.024372,-0.012249,-0.011316
4.056000,-0.031565,-0.106687,0.006936
4.057000,-0.002803,-0.055242,0.003685
4.058000,-0.018996,-0.037091,-0.018495
4.059000,-0.040389,0.024497,-0.001849
4.060000,-0.068181,-0.017329,-0.000459
4.061000,0.004985,-0.056681,-0.010028
4.062000,-0.014783,0.018252,0.013656
4.063000,-0.009100,-0.074002,-0.003011
4.064000,-0.003849,-0.034975,-0.013549
4.065000,-0.046720,0.012635,0.005711
4.066000,-0.032123,-0.043869,0.003159
4.067000,0.013711,0.057323,-0.004337
4.068000,0.043714,-0.014499,-0.012909
4.069000,0.039406,0.027499,0.007011
4.070000,0.035906,0.024688,-0.005453
4.071000,-0.092188,-0.029715,0.000013
4.072000,-0.027156,0.019360,0.014102
4.073000,-0.005936,-0.041497,0.014112
4.074000,-0.009339,-0.001411,-0.022272
4.075000,-0.081578,0.041889,0.003510
4.076000,0.058664,0.104388,-0.000950
4.077000,-0.000818,-0.008252,0.001569
4.078000,0.049560,-0.033615,0.015838
4.079000,-0.089788,0.024423,0.012900
4.080000,0.013571,0.029700,-0.011425
4.081000,0.077943,0.053695,-0.007062
4.082000,-0.087625,-0.043945,-0.005571
4.083000,-0.092154,0.011620,0.005098
4.084000,0.004851,-0.010479,0.012053
4.085000,0.013937,0.106752,-0.006196
4.086000,0.014141,-0.037634,-0.002385
4.087000,0.041652,0.023812,0.010953
4.088000,0.044206,-0.032020,-0.027409
4.089000,-0.096992,0.096078,-0.011355
4.090000,0.052820,-0.025423,-0.008348
4.091000,0.032603,0.044028,0.008492
4.092000,-0.023392,0.037721,0.001222
4.093000,0.085622,0.017888,0.009424
4.094000,-0.065246,0.080585,0.016055
4.095000,-0.040374,0.061514,-0.008431
4.096000,0.011262,-0.017980,-0.014645
4.097000,-0.008538,-0.024426,0.011059
4.098000,-0.051056,-0.026049,-0.009896
4.099000,0.036085,0.012404,0.008373
4.100000,-0.029264,0.009936,0.009902
4.101000,-0.016829,-0.017710,0.001644
4.102000,0.021591,0.003258,-0.012713
4.103000,-0.023955,-0.049920,0.029288
4.104000,0.010377,-0.079174,-0.003865
4.105000,-0.054054,0.108837,0.006264
4.106000,-0.021743,0.057958,0.010134
4.107000,-0.034125,-0.048272,-0.012695
4.108000,-0.014132,-0.003093,-0.002109
4.109000,0.028395,0.014882,-0.000732
4.110000,0.043169,-0.084208,-0.000877
4.111000,-0.056532,0.019500,0.008666
4.112000,-0.032092,-0.097071,0.019922
4.113000,0.066135,0.057272,-0.009882
4.114000,0.028148,0.013891,0.003840
4.115000,0.064088,0.104591,0.002210
4.116000,0.019403,0.068436,0.000867
4.117000,-0.002076,0.005147,0.018297
4.118000,0.065606,-0.117054,0.018657
4.119000,-0.007058,-0.061455,0.013756
4.120000,0.024702,0.007136,0.000357
4.121000,0.069108,0.035958,-0.007083
4.122000,-0.083902,-0.039829,-0.004752
4.123000,-0.022439,0.054959,-0.011281
4.124000,-0.010086,0.070503,-0.008923
4.125000,0.024236,-0.017566,0.021176
4.126000,0.021917,-0.049179,-0.011348
4.127000,-0.038418,-0.056851,0.009422
4.128000,-0.065130,0.021557,0.002408
4.129000,0.065323,0.075127,0.014289
4.130000,-0.029531,0.002131,-0.011202
4.131000,0.098594,-0.002870,0.015102
4.132000,0.042496,-0.019795,-0.007975
4.133000,-0.008601,-0.020165,-0.002044
4.134000,0.063315,0.059009,0.018274
4.135000,-0.075872,-0.051410,-0.003959
4.136000,0.106815,0.109692,-0.004721
4.137000,0.004339,0.011775,0.018753
4.138000,0.031564,0.072290,0.002582
4.139000,-0.032456,-0.037399,-0.007117
4.140000,0.039132,0.049008,0.022520
4.141000,0.027636,0.003170,-0.006436
4.142000,0.010013,0.039441,-0.022122
4.143000,-0.047481,-0.061908,0.020584
4.144000,0.038083,-0.020366,0.004386
4.145000,0.063679,-0.020803,0.003638
4.146000,-0.004381,0.016292,0.002650
4.147000,0.027986,-0.027320,-0.009004
4.148000,0.012183,-0.012758,0.000325
4.149000,0.057026,-0.024244,-0.001945
4.150000,0.015495,-0.003548,-0.004093
4.151000,-0.043821,-0.063094,-0.002967
4.152000,0.052127,0.094699,-0.003819
4.153000,0.018831,0.026973,0.004428
4.154000,-0.043926,0.040623,0.006668
4.155000,-0.073306,0.024233,0.004870
4.156000,-0.041477,-0.043226,0.012935
4.157000,0.030147,0.092708,-0.012506
4.158000,-0.023270,-0.029917,-0.008150
4.159000,-0.033871,-0.000855,-0.015155
4.160000,-0.032529,-0.027820,0.010986
4.161000,-0.003868,0.023456,-0.002796
4.162000,-0.042810,-0.009981,0.008768
4.163000,0.052181,0.055692,0.023263
4.164000,0.096156,-0.000519,-0.001390
4.165000,0.007054,0.008855,-0.005241
4.166000,-0.070953,0.018250,-0.006933
4.167000,-0.008605,-0.072791,0.011037
4.168000,-0.066872,0.088552,-0.009149
4.169000,0.023002,-0.005231,-0.010775
4.170000,-0.033796,0.028520,-0.004637
4.171000,0.041681,-0.005273,-0.006695
4.172000,0.006242,0.029633,0.006937
4.173000,0.088937,-0.034851,-0.011696
4.174000,0.047516,-0.034361,0.000898
4.175000,-0.047464,-0.019920,-0.005450
4.176000,0.014077,0.017309,-0.004871
4.177000,-0.032127,0.039953,-0.014973
4.178000,-0.010724,-0.010536,0.002594
4.179000,0.057675,0.025340,0.008205
4.180000,-0.029157,-0.003219,-0.014412
4.181000,0.025101,-0.052022,0.009739
4.182000,-0.011243,0.076183,-0.005366
4.183000,-0.010498,-0.066230,0.010090
4.184000,0.015422,0.045333,-0.019735
4.185000,0.018362,0.073411,0.016924
4.186000,-0.043713,0.098936,-0.012410
4.187000,-0.049194,0.049679,-0.010558
4.188000,0.004533,-0.019168,0.019882
4.189000,0.005042,0.086072,0.006368
4.190000,-0.038813,0.092397,0.001663
4.191000,0.025428,0.020535,0.018652
4.192000,-0.066396,0.077306,-0.016249
4.193000,-0.043713,-0.071657,0.002431
4.194000,-0.005318,0.020854,-0.019893
4.195000,-0.037913,0.027825,0.008456
4.196000,-0.063234,-0.013014,0.006909
4.197000,0.049450,-0.130658,0.005437
4.198000,-0.037065,-0.093552,0.014601
4.199000,-0.010266,0.030520,0.008642
4.200000,0.000895,-0.025096,-0.007160
4.201000,0.030905,0.004476,0.001762
4.202000,-0.032548,-0.079453,0.012032
4.203000,-0.025933,0.040931,0.019272
4.204000,0.110651,-0.020894,-0.019017
4.205000,-0.039463,0.096754,-0.001596
4.206000,0.022737,0.010506,-0.003097
4.207000,0.044242,0.086387,0.025388
4.208000,0.017607,-0.066885,0.008539
4.209000,-0.009781,-0.027228,-0.023664
4.210000,0.054796,0.031517,0.000547
4.211000,-0.007946,0.037479,-0.006577
4.212000,0.044217,0.079317,0.002889
4.213000,0.035249,-0.102664,-0.002849
4.214000,-0.100899,0.006597,0.006996
4.215000,0.011031,-0.017692,0.010233
4.216000,-0.012200,0.005467,-0.000000
4.217000,-0.078561,-0.018370,0.001065
4.218000,-0.023349,-0.007794,0.013860
4.219000,-0.008866,-0.000883,-0.001961
4.220000,-0.073789,0.068709,-0.001974
4.221000,0.008620,-0.033868,-0.013627
4.222000,-0.042980,0.072017,0.010612
4.223000,-0.064788,-0.035535,0.005039
4.224000,0.069412,-0.026026,-0.010963
4.225000,-0.017418,-0.010758,0.021996
4.226000,0.017087,-0.009565,-0.004401
4.227000,-0.035230,-0.022801,-0.000271
4.228000,0.031394,-0.078207,0.003076
4.229000,0.011397,-0.018830,0.004131
4.230000,0.025675,-0.076625,0.000912
4.231000,-0.004893,0.084073,0.001531
4.232000,0.044191,-0.046965,0.007794
4.233000,0.054253,0.035709,-0.008037
4.234000,0.057188,-0.058348,0.004014
4.235000,0.014640,-0.008818,-0.006397
4.236000,-0.000473,-0.019133,0.020622
4.237000,0.062328,0.082359,0.000427
4.238000,0.001581,0.014815,0.007718
4.239000,0.019564,-0.051993,-0.002084
4.240000,0.044949,0.130747,-0.005059
4.241000,-0.018362,-0.016547,0.014589
4.242000,0.010940,-0.012407,0.000447
4.243000,0.004804,0.013870,0.005930
4.244000,0.035949,0.045685,0.015290
4.245000,-0.012310,-0.005389,-0.003797
4.246000,0.015783,0.037800,0.005946
4.247000,-0.001395,-0.041121,-0.010065
4.248000,-0.044416,-0.032938,-0.002326
4.249000,0.047846,0.034213,-0.014555
4.250000,-0.066603,-0.012944,0.007463
4.251000,-0.007044,0.000459,-0.003655
4.252000,0.039450,0.016423,-0.001490
4.253000,-0.064324,0.007837,-0.003719
4.254000,0.006686,-0.073516,0.016467
4.255000,0.005786,0.052679,0.007012
4.256000,0.038112,-0.022111,-0.006319
4.257000,-0.063583,0.033230,0.003138
4.258000,0.027213,-0.043045,-0.000561
4.259000,-0.053169,-0.078981,0.000033
4.260000,-0.067639,0.160509,0.004875
4.261000,0.057577,0.041848,0.002473
4.262000,-0.050516,0.011310,0.017163
4.263000,-0.041665,0.051135,-0.001934
4.264000,0.041115,-0.030232,0.010453
4.265000,0.060370,-0.009063,0.001078
4.266000,0.025990,0.031189,0.014114
4.267000,-0.004229,-0.006291,0.000990
4.268000,0.017606,-0.066192,0.006253
4.269000,0.055169,0.008378,0.004085
4.270000,-0.020563,0.016732,-0.001092
4.271000,0.008310,-0.030836,0.005329
4.272000,0.056418,-0.016316,0.001610
4.273000,0.053185,-0.008141,-0.010506
4.274000,0.025963,-0.008920,0.003445
4.275000,-0.003151,0.016806,-0.000893
4.276000,-0.023524,0.047426,-0.001791
4.277000,0.033027,0.078667,-0.006289
4.278000,-0.006501,0.003771,-0.002095
4.279000,0.025542,-0.048190,-0.011096
4.280000,-0.021392,0.010232,0.005592
4.281000,0.027503,-0.013329,-0.017915
4.282000,0.029359,-0.033684,0.003549
4.283000,-0.003103,-0.045676,0.003391
4.284000,0.010417,0.040002,0.002106
4.285000,0.093789,-0.039618,0.020548
4.286000,0.080569,-0.014047,-0.012346
4.287000,-0.020675,-0.014912,0.005740
4.288000,0.028598,0.029375,-0.017898
4.289000,-0.091709,0.008233,0.013288
4.290000,0.007015,0.085812,-0.011235
4.291000,0.003754,0.055226,0.001454
4.292000,0.063920,0.043783,-0.002937
4.293000,-0.013427,-0.063093,0.000773
4.294000,0.090768,-0.074219,-0.001097
4.295000,0.050568,0.014123,-0.017439
4.296000,-0.004238,0.025501,0.002011
4.297000,-0.013259,0.001413,0.014157
4.298000,-0.040491,0.076808,-0.005587
4.299000,0.002860,-0.005822,0.008693
4.300000,0.063112,-0.005852,-0.018161
4.301000,-0.019615,-0.071225,-0.019957
4.302000,-0.019267,-0.013557,-0.001696
4.303000,-0.075453,0.028248,0.016848
4.304000,-0.016661,0.080567,-0.016356
4.305000,0.039983,0.036093,0.000533
4.306000,0.006501,0.008280,-0.009823
4.307000,-0.064273,0.045790,0.005308
4.308000,0.022181,-0.014114,-0.008951
4.309000,-0.042106,-0.065171,-0.009373
4.310000,0.028988,0.023297,-0.002541
4.311000,0.071850,-0.026556,0.001724
4.312000,0.080397,0.084051,0.014320
4.313000,0.065709,-0.042213,-0.003112
4.314000,-0.029613,0.068116,-0.013388
4.315000,-0.020289,-0.028299,-0.007980
4.316000,-0.040957,0.078412,0.007964
4.317000,0.008167,-0.055259,-0.005195
4.318000,0.011716,-0.010559,-0.001086
4.319000,-0.024217,0.016057,0.001465
4.320000,0.032805,0.046102,0.006808
4.321000,-0.012510,0.003647,-0.026773
4.322000,-0.025243,0.040812,0.000062
4.323000,-0.054174,-0.054470,-0.003411
4.324000,-0.029361,-0.036329,0.010459
4.325000,0.071575,0.019969,-0.010030
4.326000,0.076720,0.067852,-0.000499
4.327000,0.034323,-0.036487,-0.010081
4.328000,0.084675,0.028981,0.000451
4.329000,0.013530,0.006552,0.007140
4.330000,0.054016,0.076992,-0.008832
4.331000,-0.000151,0.002596,-0.014886
4.332000,0.078649,0.009562,-0.014866
4.333000,0.003380,-0.019173,-0.011947
4.334000,0.060126,0.015490,0.003382
4.335000,0.059457,0.072293,0.000699
4.336000,-0.038843,-0.021860,0.004814
4.337000,-0.016576,0.013364,0.012059
4.338000,0.066170,-0.039020,-0.002500
4.339000,0.058147,-0.027392,-0.000403
4.340000,0.019058,0.060707,-0.004506
4.341000,0.035705,-0.001522,0.005027
4.342000,-0.002480,0.010972,-0.011562
4.343000,-0.040842,-0.047324,-0.000756
4.344000,0.005403,0.012449,0.005547
4.345000,-0.072187,0.021877,-0.004748
4.346000,-0.069767,-0.032941,0.007455
4.347000,-0.060421,0.064982,-0.012060
4.348000,-0.009985,0.011926,-0.009082
4.349000,-0.042847,0.026519,-0.005066
4.350000,-0.039968,-0.002792,0.001323
4.351000,0.028737,-0.027547,0.010168
4.352000,-0.013934,-0.072900,-0.009609
4.353000,0.012112,0.002540,-0.022515
4.354000,-0.062206,0.007789,0.004138
4.355000,-0.066246,0.017297,-0.001531
4.356000,0.000846,0.000676,0.003142
4.357000,0.002903,0.037152,0.000564
4.358000,0.050483,0.000003,-0.003394
4.359000,-0.117532,0.036505,0.005496
4.360000,-0.075369,-0.098145,-0.000495
4.361000,-0.044874,-0.012684,0.014304
4.362000,-0.003648,0.011868,0.004030
4.363000,0.017622,-0.104004,0.006203
4.364000,0.102611,-0.010818,0.010354
4.365000,0.045413,0.078871,-0.005225
4.366000,0.078771,-0.073700,0.002230
4.367000,0.020231,-0.008081,-0.010884
4.368000,0.054193,-0.046913,-0.000309
4.369000,0.009832,-0.015510,-0.001399
4.370000,-0.011588,-0.030265,-0.007787
4.371000,0.027182,0.048170,0.002463
4.372000,-0.028188,0.006170,0.021266
4.373000,0.008267,-0.065206,-0.021082
4.374000,0.052193,-0.051298,-0.001308
4.375000,-0.030713,-0.007520,0.014828
4.376000,0.029228,-0.006883,-0.006747
4.377000,-0.078804,0.013970,-0.000079
4.378000,-0.084602,-0.035488,-0.014525
4.379000,-0.026234,0.019224,-0.015309
4.380000,-0.001794,-0.038181,0.008129
4.381000,0.023474,0.025078,-0.011325
4.382000,-0.070092,0.071635,-0.001859
4.383000,-0.057385,-0.028553,0.012895
4.384000,-0.051121,0.033810,-0.019890
4.385000,0.095945,0.002855,-0.005619
4.386000,-0.045594,-0.086320,-0.004607
4.387000,-0.042524,0.019201,-0.001022
4.388000,-0.000509,0.025310,0.012820
4.389000,-0.030518,-0.055158,0.003790
4.390000,-0.041404,-0.088475,-0.012400
4.391000,0.086674,0.025889,-0.000607
4.392000,-0.035851,0.055219,-0.000638
4.393000,-0.090736,-0.114470,-0.012285
4.394000,0.022789,-0.083761,-0.014811
4.395000,0.052513,0.103927,-0.020790
4.396000,-0.054186,-0.015373,-0.006822
4.397000,-0.016286,-0.105568,-0.007445
4.398000,-0.004561,-0.070462,0.002722
4.399000,-0.052410,-0.040430,0.016930
4.400000,-0.076509,0.078139,-0.018305
4.401000,-0.012458,0.008355,0.009126
4.402000,-0.065018,0.042418,0.011223
4.403000,0.041250,-0.084494,0.005444
4.404000,0.023772,-0.018383,0.017765
4.405000,0.000310,-0.022209,-0.000135
4.406000,0.011096,0.014185,0.007079
4.407000,-0.010673,-0.072201,0.010390
4.408000,-0.020242,-0.005465,0.000860
4.409000,-0.009324,0.023183,0.000986
4.410000,0.031628,0.073998,0.006890
4.411000,0.015412,0.046412,-0.003172
4.412000,-0.029545,0.036871,-0.002721
4.413000,-0.037212,-0.024218,0.004433
4.414000,-0.055934,0.026957,-0.013686
4.415000,0.008678,0.052225,0.003024
4.416000,0.040027,0.008032,0.015237
4.417000,0.014001,0.029436,-0.007535
4.418000,-0.020496,-0.005128,-0.005237
4.419000,-0.059971,-0.073550,0.021462
4.420000,-0.010930,0.000666,0.011222
4.421000,0.012940,0.043830,-0.006328
4.422000,-0.018634,-0.005253,-0.002552
4.423000,-0.072806,0.045245,-0.005165
4.424000,-0.000206,-0.034576,0.002630
4.425000,-0.001234,-0.029585,0.016119
4.426000,0.019861,-0.025724,-0.001218
4.427000,0.003564,0.064141,0.014388
4.428000,0.020972,-0.106889,-0.011097
4.429000,0.018793,-0.069982,0.003544
4.430000,-0.080797,0.068414,-0.001798
4.431000,-0.012091,-0.061825,-0.007935
4.432000,-0.100162,0.005608,-0.001605
4.433000,0.026702,-0.010453,0.008687
4.434000,0.020822,0.017154,0.003477
4.435000,-0.026444,-0.004952,0.000092
4.436000,0.013582,-0.083249,0.014257
4.437000,-0.044820,0.028431,0.001729
4.438000,-0.037810,0.059521,0.004071
4.439000,-0.027665,-0.067938,0.005293
4.440000,0.018294,-0.011345,0.010531
4.441000,0.058617,0.056508,-0.004230
4.442000,-0.041140,0.016860,-0.000643
4.443000,-0.008993,-0.070675,-0.002424
4.444000,-0.014604,-0.016530,-0.007976
4.445000,0.006198,-0.045604,-0.003689
4.446000,0.033319,0.014462,0.008923
4.447000,-0.013874,-0.084939,0.013035
4.448000,0.079079,-0.052576,0.004308
4.449000,0.019059,-0.062140,-0.006329
4.450000,-0.147630,0.051998,-0.005466
4.451000,0.025968,0.075045,0.007201
4.452000,0.018936,0.044145,-0.006765
4.453000,-0.012384,0.014949,0.004274
4.454000,-0.002095,-0.006658,0.016379
4.455000,0.030163,0.052307,0.009635
4.456000,-0.005330,-0.003178,0.003967
4.457000,-0.017246,0.081123,-0.009483
4.458000,0.009515,-0.028535,-0.011272
4.459000,0.008386,0.037446,0.005775
4.460000,-0.038849,-0.043180,0.001866
4.461000,-0.024662,0.038795,0.008548
4.462000,0.011227,-0.013367,-0.029462
4.463000,-0.011553,-0.032060,-0.003042
4.464000,0.001909,-0.089000,-0.004614
4.465000,0.025382,-0.001277,0.003497
4.466000,-0.085594,0.039055,0.000453
4.467000,-0.010815,-0.050807,-0.020367
4.468000,-0.049145,0.040254,0.011140
4.469000,-0.057358,0.044771,0.009910
4.470000,0.024521,-0.094350,-0.010199
4.471000,-0.061997,0.034596,0.011289
4.472000,-0.018766,0.077890,-0.002286
4.473000,0.004781,0.017911,0.001705
4.474000,0.020276,-0.016422,-0.006057
4.475000,-0.034675,-0.040731,0.006946
4.476000,0.036274,-0.097268,-0.004083
4.477000,0.054366,-0.018592,0.007596
4.478000,0.052787,-0.017705,-0.015277
4.479000,0.061789,-0.027046,-0.014278
4.480000,0.056225,-0.029340,-0.006930
4.481000,-0.051513,-0.019942,0.000837
4.482000,-0.042502,0.002761,-0.014047
4.483000,-0.007005,-0.000368,0.007902
4.484000,-0.005114,0.038074,-0.008635
4.485000,-0.003420,0.084184,-0.012165
4.486000,-0.039411,-0.017354,-0.006481
4.487000,0.081562,-0.047608,-0.001141
4.488000,-0.004264,0.048662,-0.009244
4.489000,-0.066930,0.019686,-0.003477
4.490000,0.004853,-0.038592,-0.003647
4.491000,-0.040666,-0.039473,-0.002337
4.492000,0.018255,-0.058643,0.007433
4.493000,0.066220,0.047265,-0.010016
4.494000,0.022562,0.079018,0.003077
4.495000,-0.025888,-0.032747,-0.009373
4.496000,0.001469,0.053517,-0.001684
4.497000,0.059773,-0.025448,-0.001310
4.498000,-0.027909,-0.021926,0.017911
4.499000,-0.017794,0.003744,-0.000082
4.500000,0.040618,0.100604,0.009900
4.501000,-0.022451,0.061472,-0.000760
4.502000,-0.010202,0.059353,0.001015
4.503000,0.014290,-0.118239,0.012411
4.504000,-0.043713,-0.029817,-0.003823
4.505000,0.015307,0.018479,0.008596
4.506000,0.004933,-0.014772,0.004621
4.507000,-0.030720,-0.035084,-0.002372
4.508000,0.022406,-0.103688,-0.002622
4.509000,-0.029043,0.046661,-0.008160
4.510000,0.042139,0.002613,-0.005720
4.511000,-0.026395,-0.030450,0.003090
4.512000,-0.044530,-0.040936,-0.001331
4.513000,0.058673,0.014406,-0.004828
4.514000,-0.038308,-0.013442,0.003406
4.515000,0.082701,0.014253,-0.006002
4.516000,-0.086109,-0.077171,0.013802
4.517000,0.041415,0.036552,-0.001059
4.518000,-0.020785,0.001799,0.003986
4.519000,-0.027145,-0.027094,0.001515
4.520000,0.015167,0.029105,0.005768
4.521000,0.021465,-0.022005,0.012286
4.522000,-0.037261,-0.026971,0.001049
4.523000,0.020831,0.063907,0.007779
4.524000,-0.071343,0.026944,-0.010335
4.525000,0.042665,-0.042374,0.008537
4.526000,-0.013081,0.095238,-0.017631
4.527000,0.004374,-0.040553,-0.001321
4.528000,-0.064326,0.000391,0.007189
4.529000,-0.054023,-0.050625,0.011166
4.530000,-0.058056,-0.042714,-0.012663
4.531000,0.056963,0.010751,0.008372
4.532000,-0.029112,0.019757,-0.001832
4.533000,0.032612,-0.042304,-0.006645
4.534000,0.107579,0.016538,0.000576
4.535000,0.071892,-0.079741,0.005304
4.536000,-0.032788,0.027519,-0.008520
4.537000,0.036763,-0.016459,-0.021617
4.538000,0.030195,0.019019,0.001284
4.539000,0.044052,0.053074,-0.000208
4.540000,0.044664,0.079509,-0.008286
4.541000,-0.049699,0.033193,-0.017975
4.542000,0.043920,-0.005784,0.000292
4.543000,-0.020154,0.017684,-0.002221
4.544000,-0.005023,-0.014037,0.020372
4.545000,0.051521,-0.037078,0.002419
4.546000,0.023684,-0.029185,0.006231
4.547000,-0.016906,-0.021288,0.011228
4.548000,0.002334,0.020335,0.013806
4.549000,0.021829,0.024646,-0.024229
4.550000,0.027007,-0.010398,-0.022790
4.551000,-0.032934,0.026975,-0.004503
4.552000,0.010883,-0.028677,-0.000871
4.553000,-0.016896,0.068907,0.010979
4.554000,0.010370,0.021589,-0.016449
4.555000,0.018351,-0.004487,-0.005676
4.556000,0.031802,-0.014443,0.019637
4.557000,0.005025,0.005724,-0.011937
4.558000,0.054660,0.007156,0.005045
4.559000,0.008758,0.025844,0.001741
4.560000,0.062361,0.068354,0.006598
4.561000,-0.052436,-0.006391,0.007384
4.562000,0.010171,0.020007,0.000160
4.563000,0.066501,0.000492,-0.003725
4.564000,-0.001131,0.001097,-0.017368
4.565000,0.020326,-0.020510,-0.009004
4.566000,-0.045720,-0.012190,-0.025269
4.567000,-0.018655,0.040749,-0.003261
4.568000,-0.058364,-0.045577,-0.000069
4.569000,-0.077638,-0.047090,-0.001504
4.570000,-0.054737,-0.001084,0.002300
4.571000,-0.029811,-0.036054,-0.005616
4.572000,-0.018986,0.060438,-0.008277
4.573000,0.023624,-0.028339,0.006198
4.574000,0.002650,0.007935,-0.013110
4.575000,0.026146,0.056069,0.015985
4.576000,0.019488,-0.074875,-0.005024
4.577000,-0.031775,0.000293,0.001816
4.578000,0.007181,0.049499,-0.011169
4.579000,0.004327,-0.093952,0.004487
4.580000,-0.046954,0.011023,0.023042
4.581000,0.035831,0.083999,-0.013640
4.582000,-0.004327,0.014748,-0.009649
4.583000,0.010007,-0.028272,-0.008756
4.584000,-0.035510,-0.025203,-0.011352
4.585000,-0.004176,0.085774,-0.008120
4.586000,-0.043008,0.005582,0.007854
4.587000,0.098512,0.072937,0.026876
4.588000,0.044587,0.058186,-0.000275
4.589000,0.010321,0.011032,0.011901
4.590000,0.046737,0.007144,0.003333
4.591000,-0.049281,-0.027479,-0.005673
4.592000,0.053272,0.017649,0.007677
4.593000,0.034953,-0.078765,0.001331
4.594000,0.078787,0.018213,-0.001728
4.595000,-0.059592,0.111368,0.010772
4.596000,0.041361,-0.018535,-0.005734
4.597000,-0.042389,-0.006295,-0.007767
4.598000,0.064725,0.080490,0.008203
4.599000,0.025301,-0.010722,0.001802
4.600000,-0.037615,0.108946,0.004435
4.601000,0.056742,-0.075579,0.009255
4.602000,0.033920,0.047717,-0.000720
4.603000,0.103498,0.017220,0.000013
4.604000,0.023088,-0.028326,-0.003676
4.605000,0.001870,-0.128546,0.005577
4.606000,0.048314,-0.024686,0.009723
4.607000,0.024854,0.051982,-0.008183
4.608000,0.089950,-0.011675,0.007429
4.609000,-0.009883,-0.091037,-0.007546
4.610000,0.016403,-0.038314,-0.006230
4.611000,-0.048963,-0.043656,-0.016514
4.612000,-0.059554,-0.037679,0.006001
4.613000,-0.075762,0.002525,0.018361
4.614000,-0.033926,0.014967,0.007861
4.615000,-0.014493,0.141220,-0.005247
4.616000,0.059056,0.019718,0.002462
4.617000,-0.034031,0.026565,-0.011372
4.618000,0.018294,-0.027107,0.010753
4.619000,-0.014132,0.012104,0.003740
4.620000,-0.042633,-0.011579,-0.000490
4.621000,-0.048445,-0.009346,0.003590
4.622000,0.027859,0.045427,0.003336
4.623000,-0.007493,-0.038173,0.019310
4.624000,-0.078566,0.033634,0.006420
4.625000,0.043379,0.107551,0.004500
4.626000,0.025120,0.023068,0.008438
4.627000,-0.037274,0.059865,-0.003454
4.628000,-0.074971,0.050731,-0.003119
4.629000,0.062216,0.013960,0.005067
4.630000,-0.021080,0.040031,0.003590
4.631000,0.009579,0.001738,-0.001251
4.632000,-0.052456,-0.013599,0.022157
4.633000,0.067533,0.023996,-0.013498
4.634000,0.003003,-0.000154,0.002353
4.635000,0.022366,0.044235,-0.000977
4.636000,-0.034260,-0.080081,-0.008130
4.637000,0.047355,0.095166,0.005312
4.638000,-0.006327,0.011484,-0.025846
4.639000,-0.068941,-0.064997,-0.012220
4.640000,0.010077,0.026542,-0.024556
4.641000,0.093455,0.048693,0.008390
4.642000,-0.042539,-0.037710,0.004022
4.643000,-0.033141,0.058289,0.005417
4.644000,-0.004187,0.066676,-0.001391
4.645000,-0.019887,-0.055770,-0.009480
4.646000,0.089119,0.018183,-0.007843
4.647000,-0.061697,0.016212,-0.008759
4.648000,-0.038728,-0.002162,-0.002785
4.649000,-0.045285,0.011932,-0.006858
4.650000,0.039833,-0.003867,-0.003436
4.651000,0.030596,0.016056,0.004671
4.652000,0.054364,0.029644,0.003526
4.653000,0.014966,-0.025105,0.001794
4.654000,0.071449,0.035528,-0.005018
4.655000,-0.056584,-0.009736,-0.010484
4.656000,0.047997,0.046581,0.011859
4.657000,-0.020813,-0.093319,-0.012323
4.658000,0.013171,0.050995,0.005704
4.659000,0.005727,0.006181,0.003450
4.660000,0.089337,0.017846,-0.000088
4.661000,0.029890,-0.068165,0.000219
4.662000,-0.058458,0.043897,-0.002382
4.663000,0.022235,-0.056379,0.023098
4.664000,-0.035728,0.018960,0.011150
4.665000,-0.030458,-0.001761,-0.001162
4.666000,0.023935,-0.113048,-0.009973
4.667000,0.027122,0.026274,-0.000414
4.668000,0.025740,-0.022918,-0.019930
4.669000,-0.070912,0.062054,-0.008786
4.670000,-0.069455,0.039402,-0.010680
4.671000,-0.053939,0.013946,-0.009186
4.672000,0.053409,0.000919,0.005309
4.673000,-0.048981,0.010131,0.008724
4.674000,-0.041247,-0.063806,-0.012297
4.675000,-0.001791,0.113733,-0.020334
4.676000,-0.048698,-0.041572,-0.022447
4.677000,0.045233,0.015922,-0.010472
4.678000,-0.011294,-0.057450,-0.016295
4.679000,-0.018850,0.040207,0.002483
4.680000,-0.054568,0.035925,0.002948
4.681000,-0.050956,0.077186,-0.015932
4.682000,0.054670,-0.032748,0.001039
4.683000,0.040188,-0.042746,-0.005904
4.684000,-0.021001,0.064247,0.007008
4.685000,0.008089,0.029384,-0.004329
4.686000,-0.005516,0.056955,0.023849
4.687000,0.028889,-0.044428,0.003153
4.688000,-0.106240,0.049984,0.002585
4.689000,-0.035199,0.023040,-0.011560
4.690000,-0.047567,0.027428,0.017010
4.691000,-0.024289,-0.025350,-0.006589
4.692000,-0.012187,-0.008883,0.006912
4.693000,-0.002253,-0.020263,-0.006988
4.694000,0.025406,0.022647,0.012798
4.695000,-0.004017,-0.027671,0.011051
4.696000,0.021743,0.067288,0.012657
4.697000,0.032213,0.008981,-0.000674
4.698000,0.053021,0.056374,-0.000753
4.699000,0.068002,-0.022745,-0.009139
4.700000,0.026101,-0.017510,0.002334
4.701000,0.018072,0.036407,-0.003579
4.702000,-0.056615,-0.015419,0.025902
4.703000,0.055398,0.063690,-0.014001
4.704000,0.034418,0.000720,0.003186
4.705000,-0.081403,0.113234,-0.008874
4.706000,0.038572,0.033311,0.012318
4.707000,0.054793,0.009605,-0.010998
4.708000,0.049728,0.047947,-0.000738
4.709000,0.019091,0.010535,-0.009057
4.710000,-0.022963,0.019517,0.015123
4.711000,-0.025357,0.054861,-0.007389
4.712000,0.077879,-0.015149,0.005944
4.713000,-0.001370,-0.030916,0.010173
4.714000,-0.011336,-0.028386,0.016802
4.715000,-0.004369,-0.025231,0.007331
4.716000,-0.060041,0.050131,0.009536
4.717000,0.033775,0.012171,-0.006395
4.718000,0.024339,0.061635,0.002438
4.719000,-0.076366,0.133824,0.012859
4.720000,0.009905,0.067327,0.009972
4.721000,-0.028274,0.006011,-0.009813
4.722000,-0.019377,-0.024195,0.010604
4.723000,0.013315,0.043583,0.000219
4.724000,0.108108,-0.008397,-0.006159
4.725000,-0.038773,0.064251,-0.022534
4.726000,0.012705,-0.014969,0.007415
4.727000,-0.052136,-0.021450,-0.001873
4.728000,0.035727,0.040922,0.016084
4.729000,-0.001817,-0.035150,0.011791
4.730000,0.086505,0.017903,-0.003538
4.731000,0.036714,0.016984,-0.007493
4.732000,0.009863,-0.012130,-0.008002
4.733000,0.114061,0.023453,0.005860
4.734000,-0.019496,0.018405,-0.005519
4.735000,0.040487,0.051099,0.005545
4.736000,0.035580,0.018160,-0.000660
4.737000,0.009491,0.041169,-0.001047
4.738000,-0.022316,-0.091186,0.012348
4.739000,-0.026410,0.026297,-0.007622
4.740000,0.030117,0.020511,-0.010523
4.741000,0.084227,0.013203,0.006299
4.742000,0.010507,-0.032082,-0.003183
4.743000,0.088043,-0.055210,-0.003874
4.744000,0.053866,-0.065739,-0.012509
4.745000,-0.018477,-0.014272,-0.007818
4.746000,-0.036998,-0.012633,0.013222
4.747000,-0.047506,0.100854,0.005674
4.748000,-0.059740,0.032759,-0.000390
4.749000,0.015101,0.103056,0.010213
4.750000,-0.018795,-0.011648,-0.011138
4.751000,0.007547,-0.037370,0.009572
4.752000,-0.005573,0.061939,-0.016481
4.753000,-0.031019,0.024580,0.002992
4.754000,-0.035938,-0.048487,0.009448
4.755000,-0.048796,0.032474,0.000742
4.756000,-0.007364,-0.027365,0.019254
4.757000,-0.024629,-0.140379,-0.001839
4.758000,0.056566,0.001880,-0.002597
4.759000,0.081885,0.004925,-0.006358
4.760000,-0.015554,-0.004792,0.003596
4.761000,0.066913,0.020152,0.011458
4.762000,-0.026442,0.039296,-0.018504
4.763000,-0.055210,-0.008253,0.007357
4.764000,0.014847,-0.018860,-0.012679
4.765000,0.032316,-0.128366,0.000403
4.766000,-0.025120,0.016946,-0.000097
4.767000,0.024362,0.026683,0.013110
4.768000,0.050571,0.047476,0.001929
4.769000,0.009854,0.076882,-0.000193
4.770000,-0.008299,-0.070126,0.004706
4.771000,0.024200,0.058849,-0.003299
4.772000,-0.042759,-0.060317,0.000802
4.773000,-0.006786,0.024748,0.004232
4.774000,0.045996,0.058826,0.004470
4.775000,-0.091418,-0.021763,0.009166
4.776000,-0.037822,-0.059202,-0.006290
4.777000,0.010865,-0.020931,-0.005107
4.778000,-0.056733,0.074894,0.009257
4.779000,-0.053327,-0.113311,0.001546
4.780000,-0.032754,0.013579,-0.005368
4.781000,0.011126,0.017267,-0.018574
4.782000,-0.000597,-0.056699,0.001383
4.783000,0.021562,-0.008799,0.007942
4.784000,0.035234,0.071422,-0.016720
4.785000,0.013205,0.046958,0.004391
4.786000,-0.010877,0.031320,0.006061
4.787000,0.088513,0.063799,-0.021772
4.788000,-0.006551,0.052820,-0.004954
4.789000,0.009438,0.012965,-0.014124
4.790000,-0.102143,0.090529,-0.013580
4.791000,-0.021295,0.022561,0.006228
4.792000,-0.024558,0.025879,0.016187
4.793000,0.053867,-0.039875,-0.000891
4.794000,-0.013799,0.009542,0.004589
4.795000,-0.005889,0.028523,-0.004527
4.796000,0.004193,0.116913,0.017880
4.797000,-0.038267,-0.094375,-0.010243
4.798000,0.057646,-0.030835,0.000814
4.799000,-0.000540,0.040035,-0.002289
4.800000,-0.021882,-0.054902,-0.000492
4.801000,-0.001041,0.007759,0.004492
4.802000,-0.027408,0.074166,-0.000133
4.803000,0.084055,-0.056121,-0.007258
4.804000,-0.057112,-0.103633,-0.008618
4.805000,-0.017413,-0.047447,0.009588
4.806000,0.031803,-0.026224,0.005888
4.807000,-0.034060,0.003216,-0.012312
4.808000,-0.049340,0.002125,-0.014137
4.809000,-0.027208,0.078873,0.012846
4.810000,0.010942,0.092717,0.002879
4.811000,0.046058,0.018055,-0.000099
4.812000,-0.053377,-0.115233,-0.005038
4.813000,0.009061,-0.002455,-0.007002
4.814000,0.029382,0.020473,0.008933
4.815000,-0.023459,0.066667,-0.000783
4.816000,0.075715,-0.062796,0.018877
4.817000,0.058459,-0.015735,-0.002862
4.818000,-0.000125,0.062827,-0.000531
4.819000,-0.109757,0.002919,0.011352
4.820000,-0.004762,0.027718,0.000743
4.821000,-0.075054,0.048254,-0.005185
4.822000,0.082809,-0.004032,0.003492
4.823000,-0.013878,-0.033567,-0.000168
4.824000,-0.000564,-0.000290,-0.007722
4.825000,-0.102548,0.001240,-0.012745
4.826000,0.039096,0.065444,0.012927
4.827000,-0.007326,-0.015107,-0.005677
4.828000,0.014915,-0.030536,0.006036
4.829000,0.008197,0.014407,-0.005869
4.830000,-0.004615,0.015886,-0.013191
4.831000,0.020165,0.073364,0.003162
4.832000,-0.007213,-0.043869,0.000700
4.833000,-0.078646,0.025111,-0.009161
4.834000,-0.033501,-0.081482,0.005270
4.835000,0.038136,0.005899,0.002355
4.836000,0.040584,0.079769,-0.003694
4.837000,0.009397,0.009956,0.003260
4.838000,-0.042768,0.025274,-0.001874
4.839000,-0.026656,-0.016637,-0.015407
4.840000,0.042650,-0.038163,0.010873
4.841000,-0.036306,0.059984,-0.003148
4.842000,-0.024632,0.044773,0.006380
4.843000,-0.054982,-0.017281,-0.005896
4.844000,-0.027140,0.008996,0.005623
4.845000,-0.043179,-0.025491,0.012506
4.846000,0.074451,-0.037223,0.003387
4.847000,-0.026406,-0.022592,0.016510
4.848000,-0.019830,0.004450,-0.015563
4.849000,-0.040634,0.010815,0.002378
4.850000,-0.004686,-0.057256,0.007992
4.851000,-0.046599,-0.053132,0.008905
4.852000,-0.020030,-0.083315,0.005952
4.853000,0.009544,0.059212,-0.012602
4.854000,0.000897,0.014988,0.007881
4.855000,-0.045290,0.051716,0.005592
4.856000,0.049119,0.028455,0.006475
4.857000,0.020066,-0.083207,-0.005676
4.858000,0.051968,0.014751,0.002878
4.859000,-0.021726,0.017933,-0.015004
4.860000,0.022269,0.014012,-0.009793
4.861000,0.017264,-0.012677,-0.003047
4.862000,0.003292,-0.051604,-0.013126
4.863000,-0.132643,-0.006319,0.002211
4.864000,0.010920,0.000792,-0.001128
4.865000,-0.008860,0.004224,-0.002311
4.866000,-0.034450,0.070324,0.004730
4.867000,-0.057712,0.026251,0.003225
4.868000,0.020244,-0.006146,0.002612
4.869000,-0.056603,-0.056616,0.012712
4.870000,-0.000609,-0.063388,-0.005737
4.871000,-0.136294,-0.026725,0.013786
4.872000,0.015266,-0.052930,-0.002060
4.873000,0.037462,0.031538,0.010577
4.874000,0.041330,0.055367,-0.007970
4.875000,-0.009522,-0.078741,-0.002379
4.876000,0.050741,0.070374,-0.003380
4.877000,0.062921,0.043834,0.002575
4.878000,0.048092,0.012472,0.013339
4.879000,0.010328,0.036197,0.000137
4.880000,0.001180,0.042803,-0.005150
4.881000,0.036979,-0.056880,-0.001225
4.882000,-0.049543,0.033586,0.000507
4.883000,0.026345,-0.004069,0.007138
4.884000,-0.029782,0.061633,-0.012384
4.885000,0.064348,0.009882,-0.009465
4.886000,0.071098,0.019149,-0.002334
4.887000,-0.010860,0.012492,0.009919
4.888000,0.036747,-0.046749,-0.012954
4.889000,-0.055242,0.064727,0.001491
4.890000,-0.072024,-0.082994,0.005689
4.891000,-0.013558,0.033752,0.003114
4.892000,0.022743,0.006916,-0.014751
4.893000,0.055558,0.042096,0.008966
4.894000,-0.004566,-0.000850,-0.005451
4.895000,-0.025541,0.018100,-0.004892
4.896000,0.051805,-0.017394,0.010924
4.897000,-0.023562,-0.056958,0.011778
4.898000,-0.016674,-0.002999,-0.000647
4.899000,0.026816,0.065844,0.006181
4.900000,-0.028516,-0.026468,0.006209
4.901000,0.053222,-0.036502,-0.014167
4.902000,-0.022862,0.014988,0.000477
4.903000,0.048487,-0.009180,-0.009379
4.904000,-0.008840,-0.056337,0.001937
4.905000,0.039013,0.003407,-0.004076
4.906000,0.060516,-0.061710,-0.007340
4.907000,0.127556,-0.033526,0.005971
4.908000,0.000144,-0.078320,0.001962
4.909000,-0.010189,-0.027547,0.004119
4.910000,-0.019071,-0.037869,-0.003400
4.911000,-0.035433,0.099078,-0.005580
4.912000,0.019351,0.002849,-0.007381
4.913000,0.033367,-0.007172,0.008142
4.914000,-0.075933,-0.039117,-0.022356
4.915000,-0.003410,0.010401,-0.016045
4.916000,-0.040139,0.043629,-0.006270
4.917000,-0.000178,0.041493,-0.000996
4.918000,0.051304,-0.008962,0.001751
4.919000,-0.014438,-0.004868,-0.002561
4.920000,-0.006190,-0.014767,0.004453
4.921000,-0.027421,0.027563,-0.003430
4.922000,0.004113,-0.043373,0.003657
4.923000,-0.031630,-0.029054,0.014415
4.924000,-0.026000,0.020241,0.002928
4.925000,0.016763,0.052166,0.007578
4.926000,-0.073347,-0.012190,0.002917
4.927000,-0.056725,-0.024285,-0.004127
4.928000,-0.054705,-0.036338,0.002244
4.929000,0.030797,-0.033983,0.004965
4.930000,0.014627,0.095124,0.009811
4.931000,-0.058978,0.100156,-0.006078
4.932000,-0.042081,-0.035656,0.000470
4.933000,-0.041375,-0.039754,0.007130
4.934000,-0.047570,-0.000204,-0.018897
4.935000,-0.030127,0.005300,-0.000921
4.936000,0.034317,0.079068,0.002443
4.937000,-0.000195,0.063284,0.010794
4.938000,0.018554,0.015749,-0.018614
4.939000,-0.060609,0.001597,0.009727
4.940000,-0.071371,0.012561,-0.000712
4.941000,0.037851,0.023285,-0.000664
4.942000,-0.007608,-0.047604,0.013928
4.943000,0.001252,0.010074,0.009330
4.944000,0.006519,-0.024078,0.008069
4.945000,0.014304,0.021522,0.002210
4.946000,-0.078911,-0.012987,-0.002856
4.947000,0.056364,0.007074,0.009943
4.948000,-0.087865,0.012591,-0.014384
4.949000,-0.040459,-0.023759,0.003365
4.950000,-0.018750,-0.109274,-0.009310
4.951000,-0.034281,0.045626,0.004882
4.952000,-0.024698,0.041648,0.019497
4.953000,0.059352,-0.030866,-0.018583
4.954000,-0.015359,0.054200,-0.013846
4.955000,0.042453,0.031471,-0.012383
4.956000,0.007393,-0.041559,-0.010022
4.957000,0.002235,-0.075584,0.006986
4.958000,0.068542,0.020549,0.003906
4.959000,0.016327,0.001677,-0.001870
4.960000,0.029395,0.007974,0.012098
4.961000,-0.003449,0.013423,0.009525
4.962000,0.014972,-0.013277,0.001623
4.963000,-0.007916,0.029103,0.009082
4.964000,-0.032916,0.069520,0.005027
4.965000,0.016979,0.019459,0.020930
4.966000,-0.052916,0.067519,-0.006355
4.967000,-0.001688,-0.048219,-0.005041
4.968000,0.028099,-0.040017,-0.019989
4.969000,-0.037745,-0.096778,-0.019829
4.970000,0.018857,-0.033601,0.004829
4.971000,-0.005300,-0.019691,0.011992
4.972000,0.036687,-0.129891,0.001730
4.973000,-0.041840,0.007318,0.019871
4.974000,0.064848,-0.039613,-0.010066
4.975000,-0.008508,0.015852,0.013985
4.976000,-0.018014,-0.015783,0.007696
4.977000,0.026869,-0.003211,-0.001780
4.978000,0.024277,-0.049748,0.013175
4.979000,-0.002624,0.035301,0.003275
4.980000,-0.097178,-0.048815,-0.002420
4.981000,-0.049850,-0.002781,0.018138
4.982000,-0.051450,0.035988,-0.021449
4.983000,-0.049104,-0.057197,0.006686
4.984000,0.033502,-0.087710,-0.010412
4.985000,-0.073005,-0.049389,-0.013125
4.986000,-0.001746,-0.069807,0.001366
4.987000,-0.091064,0.047801,0.006490
4.988000,0.049805,0.064359,-0.012502
4.989000,-0.031630,-0.023815,-0.002361
4.990000,-0.035619,-0.015504,0.002918
4.991000,-0.096253,-0.074737,-0.007497
4.992000,0.071619,-0.090165,0.003701
4.993000,-0.014143,0.044852,-0.015366
4.994000,0.013664,0.079852,0.001742
4.995000,-0.048642,-0.108903,-0.009942
4.996000,0.061100,0.021899,0.012644
4.997000,0.008545,0.037387,0.011827
4.998000,-0.046636,0.012859,0.011135
4.999000,-0.041975,0.014926,0.006193
5.000000,-0.139408,-0.056884,0.001873
5.001000,0.062952,-0.031426,0.013100
5.002000,0.056435,-0.036888,0.009738
5.003000,-0.033559,-0.032853,-0.010716
5.004000,0.085456,0.009434,-0.000170
5.005000,0.003563,-0.026672,0.008473
5.006000,-0.067940,-0.112581,0.010563
5.007000,-0.034650,-0.010502,0.000991
5.008000,0.027389,-0.076703,-0.014110
5.009000,0.043868,-0.025177,-0.001554
5.010000,-0.010943,-0.017466,-0.012390
5.011000,-0.018973,-0.036791,0.011683
5.012000,0.028819,-0.015037,-0.016835
5.013000,-0.032031,0.071479,0.010908
5.014000,0.058610,-0.053475,0.003053
5.015000,-0.037780,-0.054788,0.019397
5.016000,0.065216,0.061385,0.001716
5.017000,-0.046232,0.036721,0.010716
5.018000,0.013125,-0.089616,-0.002937
5.019000,0.098665,0.053740,-0.014964
5.020000,0.039878,0.066706,0.014844
5.021000,0.000424,-0.062765,-0.001181
5.022000,0.038585,-0.025402,0.004983
5.023000,-0.000227,0.045659,-0.001262
5.024000,0.005680,0.018284,0.004796
5.025000,0.059986,0.038622,-0.016666
5.026000,0.110722,0.017883,-0.002403
5.027000,0.011152,-0.011338,-0.003280
5.028000,-0.012424,-0.013208,-0.000257
5.029000,-0.015501,-0.024311,0.003419
5.030000,-0.021093,-0.022331,-0.009403
5.031000,-0.024935,-0.021971,0.002950
5.032000,-0.004120,-0.032575,-0.000343
5.033000,0.008418,-0.050278,0.000321
5.034000,-0.005444,0.027145,-0.002428
5.035000,-0.049518,0.030189,0.007818
5.036000,0.045242,-0.052625,-0.007559
5.037000,-0.024324,-0.019216,-0.001501
5.038000,0.051998,-0.053693,0.010403
5.039000,-0.093511,0.116743,-0.013169
5.040000,-0.099007,-0.043156,0.015838
5.041000,0.032872,0.108136,0.003344
5.042000,-0.016566,-0.032327,0.006536
5.043000,-0.005741,-0.019268,0.001235
5.044000,0.072387,0.079719,-0.014486
5.045000,0.083700,0.030356,0.021269
5.046000,-0.042481,0.030332,0.010023
5.047000,-0.022961,0.043314,0.031988
5.048000,0.058567,-0.038399,0.005259
5.049000,0.013170,-0.023810,0.004817
5.050000,-0.076623,0.040940,0.008673
5.051000,-0.005214,-0.057270,0.002531
5.052000,0.044681,-0.006665,0.003985
5.053000,0.047158,0.045318,-0.007916
5.054000,-0.021886,0.058366,-0.000914
5.055000,-0.027955,-0.012809,-0.001487
5.056000,0.025509,-0.029258,0.017774
5.057000,0.022899,-0.034576,0.003432
5.058000,0.048208,0.016641,-0.007821
5.059000,-0.079975,-0.046167,0.007368
5.060000,0.090698,-0.044302,-0.000671
5.061000,-0.054653,-0.102963,-0.001867
5.062000,0.078497,0.040107,-0.013172
5.063000,-0.073186,0.048839,-0.008222
5.064000,0.010093,-0.019114,0.004216
5.065000,0.052788,0.028156,-0.001010
5.066000,-0.072603,-0.021651,-0.016186
5.067000,0.004117,-0.026632,-0.004528
5.068000,-0.077806,0.039018,0.008789
5.069000,-0.041023,0.064511,-0.013585
5.070000,0.031071,0.063138,-0.001014
5.071000,0.010286,0.010239,0.016512
5.072000,0.009699,-0.002505,0.002957
5.073000,-0.060454,-0.009471,-0.010384
5.074000,-0.063219,-0.135996,-0.014864
5.075000,0.020762,-0.089863,0.013548
5.076000,0.004180,0.047223,0.001051
5.077000,-0.025727,0.011674,-0.009195
5.078000,0.058015,0.000821,0.016537
5.079000,0.045073,0.027731,0.012762
5.080000,-0.012879,0.024180,0.015052
5.081000,-0.003456,-0.004328,-0.001457
5.082000,-0.071063,0.120074,0.014060
5.083000,-0.027304,-0.021955,0.003210
5.084000,0.060570,0.029844,0.003587
5.085000,-0.006964,-0.037417,-0.003823
5.086000,-0.041176,0.030742,-0.002354
5.087000,-0.007360,-0.067422,-0.009279
5.088000,-0.005725,0.048986,-0.006396
5.089000,-0.024286,-0.008039,-0.000522
5.090000,0.053469,0.082340,0.008713
5.091000,0.009808,0.061983,0.002883
5.092000,-0.008746,-0.067984,-0.026210
5.093000,-0.033175,-0.058173,-0.008874
5.094000,-0.038606,-0.001787,0.014167
5.095000,0.070168,-0.039725,0.013892
5.096000,-0.065360,-0.005022,-0.004913
5.097000,-0.030346,-0.055781,0.003742
5.098000,-0.081860,0.022181,0.013166
5.099000,-0.037309,-0.040783,0.003382
5.100000,0.042605,0.089144,-0.008111
5.101000,0.026818,0.026513,0.016145
5.102000,-0.005930,-0.008933,-0.005995
5.103000,-0.024768,0.022614,-0.025270
5.104000,0.060268,0.025400,0.011524
5.105000,-0.009059,-0.044893,-0.001979
5.106000,0.038252,0.052591,0.010232
5.107000,-0.028019,-0.005282,-0.005669
5.108000,0.020599,-0.035291,-0.010338
5.109000,-0.025193,-0.000122,-0.017681
5.110000,-0.068942,-0.014115,0.014363
5.111000,0.000275,-0.034020,-0.016154
5.112000,-0.048671,0.052698,0.010950
5.113000,-0.046044,0.052655,-0.012395
5.114000,-0.057858,0.047770,-0.005435
5.115000,0.044728,0.067547,0.003565
5.116000,0.049205,0.086796,0.007437
5.117000,0.068862,0.022074,-0.006322
5.118000,0.023293,0.051636,-0.009706
5.119000,0.011385,0.055345,0.014447
5.120000,-0.022807,-0.019205,0.000522
5.121000,0.114468,-0.030943,-0.014989
5.122000,0.046902,-0.067414,0.003427
5.123000,-0.028867,0.054448,-0.004583
5.124000,0.049406,-0.035181,0.008124
5.125000,0.028600,-0.004759,0.015154
5.126000,0.025828,-0.015057,0.001156
5.127000,-0.074281,0.026511,-0.002588
5.128000,0.043452,-0.015636,0.006022
5.129000,-0.005595,0.031058,-0.002353
5.130000,-0.014553,-0.040103,-0.011860
5.131000,-0.044447,0.073922,0.011888
5.132000,0.020474,-0.008169,-0.002351
5.133000,-0.043297,0.066153,0.002313
5.134000,-0.115553,-0.013813,0.012154
5.135000,-0.018536,0.040691,0.000862
5.136000,-0.070024,0.005392,0.003229
5.137000,-0.029546,0.022488,0.013209
5.138000,0.050876,0.047763,-0.013078
5.139000,-0.004715,0.020401,-0.002189
5.140000,-0.053158,0.006303,0.011619
5.141000,0.016401,-0.017257,-0.012676
5.142000,-0.001546,0.012801,0.003628
5.143000,-0.027134,-0.014605,0.008296
5.144000,-0.039640,0.011875,-0.002236
5.145000,0.019562,-0.005862,-0.009465
5.146000,0.064753,-0.056297,-0.019117
5.147000,0.013595,-0.033903,-0.001132
5.148000,-0.081277,0.040612,0.024311
5.149000,0.033466,-0.008902,0.019269
5.150000,-0.021784,-0.063141,0.018972
5.151000,0.072177,0.003282,-0.002582
5.152000,-0.031199,0.040822,-0.018166
5.153000,-0.075180,0.044846,0.009286
5.154000,-0.016147,0.002778,-0.000583
5.155000,-0.024566,-0.036687,0.001096
5.156000,0.061549,0.065358,-0.019425
5.157000,-0.015351,-0.016061,0.004860
5.158000,0.027211,0.031598,0.006607
5.159000,-0.078923,-0.014517,0.001513
5.160000,-0.036119,0.071492,-0.017715
5.161000,-0.003336,-0.047781,0.003353
5.162000,-0.008479,0.026869,-0.009071
5.163000,0.001934,-0.039852,0.014023
5.164000,-0.028199,-0.050775,-0.007106
5.165000,0.052423,0.080967,-0.003944
5.166000,-0.030160,0.066990,-0.004728
5.167000,-0.019061,0.080771,0.018236
5.168000,0.103078,-0.064974,0.004041
5.169000,-0.045443,-0.012440,0.004703
5.170000,0.057076,-0.077517,0.017338
5.171000,0.022268,-0.023381,0.005186
5.172000,-0.020325,-0.027014,0.005123
5.173000,-0.006364,0.069157,-0.014430
5.174000,0.038814,-0.073782,0.002567
5.175000,-0.012960,0.042374,0.000319
5.176000,0.030725,0.006623,-0.008541
5.177000,-0.043942,0.008847,0.004188
5.178000,-0.029819,0.085752,-0.009709
5.179000,-0.007093,-0.129886,-0.016854
5.180000,-0.054642,0.003221,0.017983
5.181000,-0.114618,0.008862,0.010751
5.182000,-0.032628,-0.038117,0.013638
5.183000,-0.020852,0.003098,0.000913
5.184000,-0.037364,0.041693,-0.000428
5.185000,-0.028115,-0.021643,0.005028
5.186000,0.054923,-0.014584,0.002101
5.187000,-0.026942,-0.082481,-0.004954
5.188000,-0.002458,-0.030136,0.006168
5.189000,0.011973,0.055480,0.015024
5.190000,0.039632,0.001765,0.008130
5.191000,0.024877,0.020159,0.000221
5.192000,0.001197,0.036272,0.008508
5.193000,0.062490,-0.010028,0.000508
5.194000,0.026731,0.045239,-0.004240
5.195000,-0.002326,-0.078696,0.004797
5.196000,0.043014,-0.031312,-0.007137
5.197000,0.069589,-0.042684,0.010650
5.198000,-0.045166,0.004604,0.015532
5.199000,-0.084337,-0.029479,0.012354
5.200000,-0.080218,-0.005517,-0.005310
5.201000,-0.044782,0.047734,-0.007490
5.202000,-0.005949,-0.046060,-0.006030
5.203000,-0.008992,-0.021934,0.001883
5.204000,-0.016503,0.003280,-0.002545
5.205000,-0.028574,0.017398,-0.015704
5.206000,0.060653,-0.030524,0.024508
5.207000,-0.024267,0.036932,-0.003977
5.208000,0.028524,0.053909,-0.012612
5.209000,-0.026211,-0.005434,-0.020623
5.210000,0.072619,-0.020929,0.004470
5.211000,-0.064819,-0.057224,-0.007294
5.212000,0.005069,0.058620,0.000513
5.213000,0.027978,-0.041342,-0.012785
5.214000,0.002102,0.061035,0.005313
5.215000,-0.019290,-0.037480,-0.002955
5.216000,-0.046892,0.026600,-0.010051
5.217000,-0.059967,0.024183,-0.004730
5.218000,0.013772,-0.035938,0.012153
5.219000,-0.021607,-0.002467,0.007635
5.220000,0.029932,-0.074553,-0.012303
5.221000,-0.048084,0.021420,0.009860
5.222000,0.041856,-0.082315,-0.005961
5.223000,0.011222,0.008105,0.003384
5.224000,0.032895,0.011945,0.009140
5.225000,-0.030456,-0.053804,-0.001981
5.226000,0.041065,0.035078,0.007043
5.227000,-0.025289,-0.052187,-0.006129
5.228000,0.029876,-0.017674,0.010822
5.229000,0.068599,0.000366,-0.004555
5.230000,0.012557,-0.045082,0.005029
5.231000,-0.089746,-0.027401,-0.001832
5.232000,0.027151,-0.024435,-0.012875
5.233000,-0.021226,0.089860,-0.007687
5.234000,-0.054860,-0.006449,-0.008415
5.235000,-0.018097,0.018715,0.015913
5.236000,-0.012535,-0.043099,-0.006364
5.237000,-0.002673,-0.030270,-0.007612
5.238000,0.082318,0.033120,0.000132
5.239000,-0.161271,0.003638,-0.006672
5.240000,-0.006937,0.038839,0.012728
5.241000,-0.031327,0.036145,-0.018058
5.242000,-0.020032,-0.010026,0.017360
5.243000,0.035797,0.016604,0.005867
5.244000,-0.013738,-0.098556,0.001448
5.245000,-0.007392,0.036119,0.010577
5.246000,0.013738,-0.073986,-0.007908
5.247000,-0.022346,0.039058,0.001277
5.248000,-0.067101,0.009348,-0.000619
5.249000,-0.030313,-0.023439,-0.004281
5.250000,0.048191,0.001488,-0.006753
5.251000,0.005972,-0.017102,-0.002448
5.252000,0.025511,-0.005297,0.005458
5.253000,0.007971,0.018345,0.005558
5.254000,0.052250,0.047893,-0.003406
5.255000,-0.049178,-0.066841,0.003065
5.256000,0.059922,0.020939,-0.000108
5.257000,-0.020106,0.035870,0.006603
5.258000,0.020172,0.021346,0.011593
5.259000,0.051253,-0.070363,0.005286
5.260000,-0.055840,-0.090125,0.001451
5.261000,-0.107768,0.020871,0.013227
5.262000,-0.001627,-0.012674,-0.009561
5.263000,-0.021576,-0.030069,0.010576
5.264000,-0.027385,-0.043354,0.013064
5.265000,-0.059355,0.003626,-0.004612
5.266000,0.003412,-0.037714,0.006605
5.267000,0.022459,0.017467,-0.014687
5.268000,-0.018068,-0.018147,-0.000690
5.269000,0.005263,-0.067167,-0.024389
5.270000,0.022451,0.030954,0.013209
5.271000,0.064459,-0.060656,-0.008437
5.272000,-0.081582,0.090536,-0.003399
5.273000,-0.087586,0.070089,0.006635
5.274000,-0.047236,-0.069653,0.003270
5.275000,0.067282,-0.020049,-0.002977
5.276000,-0.018602,-0.051225,0.004495
5.277000,0.002254,0.022934,-0.000976
5.278000,-0.007782,0.048226,-0.005626
5.279000,0.032039,-0.026658,0.006363
5.280000,0.028522,-0.014754,0.023485
5.281000,0.018743,0.061615,-0.011227
5.282000,0.139496,0.022674,0.009486
5.283000,-0.020702,-0.017869,0.004537
5.284000,0.006540,0.053969,0.012561
5.285000,0.023265,0.068635,0.006005
5.286000,0.048157,-0.011084,0.001376
5.287000,-0.007548,0.003303,0.005152
5.288000,-0.013213,0.066105,0.007445
5.289000,-0.024791,-0.006454,0.019929
5.290000,0.033165,-0.062384,-0.004444
5.291000,-0.025653,-0.009408,-0.007946
5.292000,0.000046,0.024008,-0.016282
5.293000,-0.067739,-0.045167,0.006551
5.294000,0.057052,-0.034125,-0.014335
5.295000,0.072302,-0.006099,0.003420
5.296000,-0.065473,0.024594,0.009645
5.297000,-0.000553,-0.025518,0.002788
5.298000,0.001303,0.053148,0.014939
5.299000,0.054908,-0.000343,0.010672
5.300000,0.045474,0.037889,0.002145
5.301000,-0.082502,-0.013023,-0.000250
5.302000,0.100998,0.017069,0.003355
5.303000,-0.057002,0.037888,0.005947
5.304000,0.001704,-0.020128,0.006337
5.305000,0.047685,-0.053941,-0.003319
5.306000,0.026448,-0.064039,-0.005360
5.307000,0.008491,0.072844,0.003036
5.308000,0.071663,-0.011719,-0.006423
5.309000,0.006983,0.049287,0.002895
5.310000,0.001138,0.051778,0.000531
5.311000,0.018798,0.089798,0.005978
5.312000,-0.036782,0.043829,-0.001351
5.313000,0.038802,0.009092,-0.005886
5.314000,-0.002967,-0.009992,-0.005810
5.315000,-0.011723,-0.055884,-0.002424
5.316000,-0.030118,0.038660,-0.006912
5.317000,0.015258,0.023164,0.000940
5.318000,0.030967,0.001064,-0.009654
5.319000,-0.082979,0.014487,0.009661
5.320000,0.045984,-0.093737,-0.007112
5.321000,0.013225,-0.042984,0.003829
5.322000,0.008373,-0.016904,-0.010491
5.323000,-0.028923,0.035024,-0.013556
5.324000,-0.011734,0.001858,0.010075
5.325000,-0.005974,-0.035811,0.003888
5.326000,-0.030010,0.054320,0.000570
5.327000,-0.082785,0.058887,0.004164
5.328000,-0.012002,-0.020748,-0.000029
5.329000,0.009266,-0.034671,-0.010983
5.330000,-0.106645,-0.030170,0.014421
5.331000,0.030514,0.004206,-0.019735
5.332000,-0.025057,-0.027046,0.007571
5.333000,0.000670,0.017158,-0.000058
5.334000,0.002938,-0.013357,-0.009070
5.335000,-0.035152,0.013898,-0.007857
5.336000,0.041679,-0.075666,0.009051
5.337000,-0.020052,-0.110583,-0.018707
5.338000,-0.043213,-0.051494,0.004235
5.339000,0.058939,-0.033789,-0.016831
5.340000,-0.043806,0.040001,-0.002722
5.341000,0.046148,-0.015714,0.003093
5.342000,0.008039,0.037379,0.010894
5.343000,0.016151,-0.003440,0.007252
5.344000,0.018814,0.036467,0.006677
5.345000,0.069389,0.067762,-0.003061
5.346000,-0.050850,-0.034614,0.028073
5.347000,-0.080623,-0.007540,0.000571
5.348000,-0.024523,-0.099354,0.005396
5.349000,0.042528,0.068165,-0.001103
5.350000,0.051493,0.008590,-0.018425
5.351000,-0.008412,-0.027616,-0.001546
5.352000,0.013253,0.008297,0.008057
5.353000,0.057731,0.082638,0.003092
5.354000,-0.014445,-0.014957,0.021302
5.355000,-0.045955,0.078193,-0.006206
5.356000,0.006555,0.070337,0.000076
5.357000,-0.060564,-0.079847,-0.011740
5.358000,0.009523,-0.049854,0.002948
5.359000,0.018051,0.117861,-0.003848
5.360000,-0.006896,-0.057355,-0.018166
5.361000,-0.085531,0.049815,-0.005221
5.362000,0.036241,-0.083290,0.022551
5.363000,-0.019664,0.031171,-0.005255
5.364000,0.050600,0.059806,-0.019643
5.365000,0.028871,-0.034498,0.009432
5.366000,0.054287,-0.026763,-0.011065
5.367000,0.020247,-0.006549,0.000581
5.368000,0.039752,0.075164,-0.000185
5.369000,0.014380,-0.051987,0.001820
5.370000,0.074392,0.049672,0.005351
5.371000,-0.038091,0.053858,0.006860
5.372000,0.056410,0.036551,0.005063
5.373000,0.013736,0.053964,-0.009476
5.374000,-0.069425,-0.044322,-0.008495
5.375000,-0.028671,0.021857,-0.003245
5.376000,-0.006913,-0.045895,0.013960
5.377000,-0.024179,0.039688,-0.012070
5.378000,0.013137,0.004271,-0.009661
5.379000,0.058208,-0.004468,0.017654
5.380000,0.012177,-0.047281,-0.001833
5.381000,0.011050,0.053863,-0.008459
5.382000,0.016833,0.034105,0.012035
5.383000,-0.044127,-0.039119,-0.003219
5.384000,-0.015882,0.015413,0.011971
5.385000,-0.025772,0.043140,-0.011356
5.386000,-0.018611,-0.022838,-0.013251
5.387000,-0.074509,0.064746,-0.006957
5.388000,-0.013154,0.062450,-0.005632
5.389000,0.023471,-0.005955,0.013697
5.390000,0.050441,0.008191,-0.001398
5.391000,0.015731,0.059516,0.000935
5.392000,0.020642,0.015440,0.009309
5.393000,-0.005132,0.005485,-0.018649
5.394000,-0.048455,0.032209,0.008353
5.395000,0.038884,-0.073415,-0.007901
5.396000,0.010069,0.056647,-0.011556
5.397000,-0.011204,-0.072266,-0.013537
5.398000,0.023374,0.027353,-0.030298
5.399000,0.018233,0.000918,-0.010853
5.400000,-0.043492,-0.022419,-0.002588
5.401000,-0.011774,-0.009968,0.006609
5.402000,0.029679,-0.054230,0.000675
5.403000,-0.074656,-0.048910,0.013082
5.404000,-0.069217,-0.050083,0.020320
5.405000,-0.000844,-0.004887,-0.004663
5.406000,0.016937,0.072234,0.007206
5.407000,-0.026190,0.013822,-0.000356
5.408000,-0.001681,0.059277,0.007455
5.409000,0.023375,0.004723,-0.001845
5.410000,0.051228,0.087339,-0.001506
5.411000,0.038825,0.014749,0.004069
5.412000,0.033310,0.023367,0.006425
5.413000,0.006007,-0.002712,0.002322
5.414000,-0.043031,-0.019338,0.015481
5.415000,0.030190,-0.101949,0.002177
5.416000,-0.001246,-0.080026,0.005410
5.417000,0.025733,-0.075559,-0.003980
5.418000,-0.039926,-0.042779,0.015568
5.419000,-0.020338,0.034554,-0.008288
5.420000,-0.019926,-0.006634,0.006975
5.421000,0.017735,-0.151370,-0.003483
5.422000,0.020659,-0.086584,-0.016100
5.423000,-0.072621,-0.078972,-0.017320
5.424000,-0.061738,-0.018322,-0.017552
5.425000,-0.020092,0.000814,0.027199
5.426000,-0.051235,0.039317,-0.021479
5.427000,0.039307,-0.029546,0.005878
5.428000,0.015796,-0.012651,-0.004181
5.429000,0.030527,-0.026563,0.013531
5.430000,0.049268,0.041096,-0.002605
5.431000,-0.069122,0.066191,0.005488
5.432000,-0.043619,0.006136,-0.003205
5.433000,-0.043092,-0.014718,-0.008748
5.434000,0.017012,0.008055,-0.001465
5.435000,-0.015163,0.028642,-0.010791
5.436000,0.011263,-0.083688,0.002312
5.437000,0.038959,-0.061937,0.008357
5.438000,0.039361,0.039740,-0.000600
5.439000,0.044813,0.050365,0.003961
5.440000,0.059512,0.018987,-0.004918
5.441000,-0.032049,0.037581,0.009267
5.442000,-0.025564,-0.014130,-0.002612
5.443000,0.043539,-0.065867,0.014152
5.444000,0.016911,-0.074519,-0.010012
5.445000,-0.017349,-0.014898,0.000050
5.446000,0.008839,-0.035177,0.017609
5.447000,0.007408,-0.018187,0.009742
5.448000,-0.051389,0.058893,-0.011306
5.449000,0.082971,-0.073257,-0.007557
5.450000,-0.014656,0.038045,0.003188
5.451000,0.079734,0.003833,-0.002277
5.452000,0.062447,0.067220,-0.012223
5.453000,0.060905,0.057842,-0.012297
5.454000,0.018094,-0.023544,-0.013549
5.455000,0.035306,0.044065,0.003356
5.456000,-0.032073,0.055017,0.000439
5.457000,0.015320,-0.023719,-0.014105
5.458000,0.015984,0.025279,0.003793
5.459000,0.034582,0.081018,-0.004091
5.460000,-0.086433,0.041885,-0.003910
5.461000,-0.049489,-0.064293,0.009879
5.462000,-0.035032,-0.030215,0.004962
5.463000,0.017595,-0.005419,-0.004438
5.464000,-0.086752,0.089510,-0.025039
5.465000,-0.002460,-0.054893,-0.002514
5.466000,-0.012489,0.010566,0.001836
5.467000,-0.129364,0.052540,0.001069
5.468000,-0.046473,-0.004768,-0.007510
5.469000,-0.139581,0.065818,0.014666
5.470000,0.029151,0.055384,0.010119
5.471000,-0.018034,0.001709,-0.001615
5.472000,0.016203,-0.047898,0.010242
5.473000,-0.001732,-0.002294,0.005967
5.474000,0.007030,-0.017126,-0.002751
5.475000,-0.103639,0.053872,0.004044
5.476000,0.010429,0.077861,-0.007129
5.477000,0.004460,-0.035086,0.010992
5.478000,-0.058596,0.051093,0.012134
5.479000,0.017595,0.065193,-0.002337
5.480000,-0.024720,0.026828,-0.008577
5.481000,-0.003533,0.042421,0.008938
5.482000,0.000408,-0.055042,0.006856
5.483000,-0.030463,0.001732,-0.024477
5.484000,0.066779,0.020383,-0.007709
5.485000,0.017084,-0.045477,0.010754
5.486000,-0.013782,0.022164,0.006755
5.487000,0.090500,0.085549,0.015489
5.488000,0.041627,0.060565,-0.016212
5.489000,0.025847,-0.057057,-0.010783
5.490000,0.069707,-0.010077,-0.013342
5.491000,-0.058863,0.043031,0.005460
5.492000,0.011659,-0.078203,0.000372
5.493000,0.038735,-0.048262,-0.012787
5.494000,-0.011591,0.000782,0.008572
5.495000,-0.043760,-0.020621,0.004189
5.496000,0.047363,0.023305,-0.003253
5.497000,-0.066161,0.083613,0.007219
5.498000,-0.036054,-0.028604,0.000056
5.499000,0.013575,-0.031449,0.012492
5.500000,0.062357,0.013200,0.001920
5.501000,-0.032385,-0.010584,-0.011605
5.502000,0.039941,0.051375,0.002500
5.503000,0.089504,0.005262,-0.001048
5.504000,0.058168,-0.072290,0.003867
5.505000,-0.074237,-0.073406,-0.001462
5.506000,-0.041945,0.031974,-0.004947
5.507000,0.098272,0.023522,-0.007692
5.508000,0.016717,0.031453,0.021617
5.509000,-0.057952,-0.003594,0.010533
5.510000,0.014663,-0.028400,-0.009245
5.511000,-0.009636,0.057859,0.005472
5.512000,0.014757,0.071128,-0.001676
5.513000,-0.002668,-0.030455,-0.015459
5.514000,0.021578,-0.065772,0.000767
5.515000,0.062506,0.030950,0.008813
5.516000,-0.068420,-0.001006,0.011467
5.517000,-0.053923,0.020022,-0.012219
5.518000,-0.055172,0.027857,-0.005780
5.519000,-0.002455,0.053955,-0.010004
5.520000,0.136345,0.054897,-0.005185
5.521000,0.056214,0.035683,0.008467
5.522000,-0.007710,0.050231,0.006315
5.523000,0.034408,0.019623,0.000983
5.524000,-0.008304,-0.062267,-0.000142
5.525000,-0.045582,-0.000608,0.007895
5.526000,0.072488,-0.049557,-0.007963
5.527000,-0.050117,0.017768,0.006254
5.528000,-0.019759,-0.008998,0.028723
5.529000,-0.020486,-0.029482,-0.009922
5.530000,-0.066693,0.053847,0.012130
5.531000,-0.020837,0.055821,-0.001256
5.532000,-0.014740,-0.001364,-0.020032
5.533000,-0.049768,0.011675,0.004419
5.534000,0.003258,-0.007373,0.002625
5.535000,0.096761,0.070984,0.001566
5.536000,-0.037419,0.032599,0.016498
5.537000,0.067329,-0.065637,-0.000703
5.538000,-0.028157,-0.052360,0.003678
5.539000,-0.050442,-0.005274,0.000984
5.540000,0.033682,0.019525,-0.012439
5.541000,0.059580,-0.025045,0.021667
5.542000,0.005470,0.058779,0.013052
5.543000,-0.029246,-0.012392,-0.003268
5.544000,-0.014461,-0.000940,-0.010394
5.545000,0.005311,0.000619,-0.019694
5.546000,-0.019304,-0.023791,-0.007307
5.547000,0.086916,-0.074573,-0.009991
5.548000,0.003090,-0.012002,0.005471
5.549000,0.075969,0.087851,0.002013
5.550000,-0.024340,0.016703,-0.012592
5.551000,0.062330,0.107661,-0.008587
5.552000,-0.042413,-0.026295,0.001773
5.553000,0.004172,-0.018606,-0.009925
5.554000,0.068086,-0.011908,-0.003878
5.555000,0.009612,0.066932,0.001182
5.556000,0.033898,-0.019721,0.003723
5.557000,0.010470,0.079215,-0.026566
5.558000,0.005974,0.037405,0.004435
5.559000,-0.054320,0.051798,0.008152
5.560000,0.054989,-0.029162,0.001581
5.561000,-0.051854,-0.008017,-0.000249
5.562000,0.011324,-0.077792,-0.011403
5.563000,0.025002,-0.007027,0.005299
5.564000,-0.058832,-0.012877,-0.004248
5.565000,-0.018988,-0.063825,-0.010912
5.566000,-0.057073,-0.010129,-0.011320
5.567000,-0.020098,-0.015407,-0.003770
5.568000,-0.069250,-0.012822,-0.011048
5.569000,-0.062793,0.010416,0.001100
5.570000,0.016048,-0.046537,-0.012565
5.571000,0.067980,-0.089874,-0.008995
5.572000,0.061845,0.009148,0.016779
5.573000,0.079538,0.064528,0.015284
5.574000,0.003851,-0.043663,0.008248
5.575000,-0.053321,-0.077573,-0.008804
5.576000,0.003097,0.007380,0.012572
5.577000,-0.008219,0.111477,0.000880
5.578000,0.035639,-0.026821,0.002494
5.579000,0.013881,-0.040808,0.002195
5.580000,-0.045967,0.107417,-0.010712
5.581000,0.012604,-0.018904,-0.014346
5.582000,0.025264,0.029758,-0.014026
5.583000,-0.048747,0.057134,0.008526
5.584000,0.029915,-0.050739,-0.002594
5.585000,0.062556,-0.092322,-0.012987
5.586000,-0.026703,0.011408,0.015153
5.587000,0.086205,-0.031272,0.011488
5.588000,-0.080657,0.026611,0.016281
5.589000,-0.069661,-0.006784,0.016149
5.590000,-0.002545,0.024609,0.004101
5.591000,-0.038443,-0.014537,0.011108
5.592000,0.020757,-0.035094,0.000958
5.593000,-0.023770,0.014435,-0.004571
5.594000,0.024911,-0.036872,0.007627
5.595000,-0.064054,0.075250,0.001844
5.596000,0.043290,0.018209,0.019079
5.597000,-0.044980,-0.096346,0.013143
5.598000,-0.031009,0.008095,0.012735
5.599000,0.068063,-0.028576,0.001172
5.600000,0.030998,0.050911,-0.007531
5.601000,0.065567,0.001095,-0.000979
5.602000,0.047794,0.029894,0.017348
5.603000,-0.028870,0.029141,0.013937
5.604000,-0.007085,-0.033758,0.006837
5.605000,0.036653,-0.083335,0.014918
5.606000,0.073579,-0.037960,-0.008009
5.607000,0.038135,0.040355,0.003367
5.608000,-0.066513,-0.027530,0.004155
5.609000,-0.006443,-0.112640,-0.012216
5.610000,-0.068921,-0.057322,0.003626
5.611000,-0.014698,0.007989,-0.003882
5.612000,0.007484,0.017576,0.012040
5.613000,-0.052517,0.012125,0.018243
5.614000,0.004195,-0.014804,-0.006047
5.615000,-0.013131,0.017459,0.000785
5.616000,-0.036556,0.017149,0.024977
5.617000,0.010766,-0.002916,0.015519
5.618000,0.019745,-0.001495,-0.017533
5.619000,-0.002143,-0.038335,-0.003370
5.620000,-0.022671,0.081791,0.008199
5.621000,0.046609,-0.061149,0.002651
5.622000,-0.083480,-0.041277,-0.004521
5.623000,0.012956,-0.005189,0.025020
5.624000,0.004819,-0.047805,-0.002745
5.625000,-0.117030,0.014940,-0.011588
5.626000,0.033297,0.040899,0.006158
5.627000,-0.079924,0.086987,0.010689
5.628000,-0.002748,-0.017603,-0.000150
5.629000,0.014164,-0.035650,0.010302
5.630000,-0.025279,-0.021121,0.004582
5.631000,0.047741,-0.035822,0.025447
5.632000,0.015771,-0.073428,-0.011268
5.633000,0.021576,0.025434,-0.005051
5.634000,0.018410,-0.019273,-0.010021
5.635000,-0.008874,-0.008418,0.012430
5.636000,0.047800,0.011927,0.004361
5.637000,0.054995,0.155939,-0.002167
5.638000,0.083298,-0.068036,-0.012585
5.639000,-0.001243,0.039855,-0.001765
5.640000,0.014544,0.103831,0.004175
5.641000,-0.062713,0.027856,-0.008263
5.642000,0.009390,0.011051,-0.005469
5.643000,0.043645,-0.035175,0.002758
5.644000,0.041794,0.013615,-0.006801
5.645000,-0.029661,-0.030773,0.007578
5.646000,0.008069,0.028432,0.006070
5.647000,-0.055717,-0.040516,-0.002286
5.648000,0.002175,-0.022039,-0.015501
5.649000,0.002999,-0.008369,-0.014702
5.650000,-0.078954,-0.057431,0.003379
5.651000,0.011379,0.065347,0.010222
5.652000,0.019365,-0.007470,0.001956
5.653000,-0.000786,-0.018420,0.007363
5.654000,0.065856,-0.024918,0.014688
5.655000,0.024107,0.005019,0.001911
5.656000,-0.009196,-0.043835,0.001874
5.657000,0.085365,0.065601,-0.006403
5.658000,0.025171,0.014495,0.004155
5.659000,0.000079,0.032957,0.008060
5.660000,-0.032235,0.076130,-0.018561
5.661000,-0.037938,0.025387,0.002142
5.662000,-0.073975,0.042084,0.003541
5.663000,-0.009194,0.024783,0.004464
5.664000,-0.005639,-0.029041,0.018840
5.665000,-0.083857,-0.039938,-0.012578
5.666000,-0.003987,0.065807,-0.001885
5.667000,-0.007991,-0.023579,0.024462
5.668000,-0.079072,0.003822,-0.005478
5.669000,-0.086056,-0.057322,0.002861
5.670000,0.066215,-0.030778,-0.008066
5.671000,-0.023775,0.033160,0.001270
5.672000,0.000107,-0.017157,0.009968
5.673000,0.002836,0.062578,-0.003690
5.674000,0.078656,-0.015089,0.015260
5.675000,0.005454,-0.003173,-0.000369
5.676000,-0.063419,0.089386,0.007632
5.677000,-0.034063,-0.071997,-0.000631
5.678000,0.001100,-0.016939,-0.013538
5.679000,-0.017339,0.097902,-0.013383
5.680000,0.042083,-0.002519,-0.015790
5.681000,-0.065062,0.042495,-0.002355
5.682000,0.002175,-0.034694,-0.009081
5.683000,0.042882,0.026668,0.007537
5.684000,0.014691,0.006988,0.012646
5.685000,-0.013633,-0.059074,-0.006735
5.686000,-0.039401,0.029473,0.015991
5.687000,-0.044621,0.054571,0.004542
5.688000,-0.010869,-0.051876,0.014832
5.689000,0.019618,0.002790,0.011403
5.690000,-0.007513,0.069840,-0.005206
5.691000,-0.113897,-0.031682,-0.011069
5.692000,-0.014877,0.059530,0.009437
5.693000,-0.010340,0.000542,0.000737
5.694000,-0.045176,0.002621,0.003380
5.695000,-0.022201,-0.015370,0.006185
5.696000,-0.058628,-0.064744,0.006200
5.697000,0.014215,-0.025945,0.005272
5.698000,0.023846,-0.017591,0.009772
5.699000,0.035613,0.006680,0.003249
5.700000,0.043628,0.103976,-0.001675
5.701000,-0.025295,0.009746,-0.008316
5.702000,0.010930,-0.013907,-0.000204
5.703000,-0.011816,0.095690,0.005259
5.704000,-0.061631,0.033002,-0.000657
5.705000,0.003879,0.005211,-0.012429
5.706000,0.047590,-0.028743,0.000253
5.707000,0.026635,0.016398,-0.002466
5.708000,-0.025598,0.020486,0.015034
5.709000,0.080418,-0.013815,0.014766
5.710000,0.101773,-0.027713,-0.016133
5.711000,0.021018,0.059298,-0.000319
5.712000,0.050629,-0.005744,0.012386
5.713000,-0.072186,0.053165,0.007026
5.714000,-0.040620,-0.027085,0.001528
5.715000,0.012458,0.033008,-0.002146
5.716000,-0.045808,-0.084625,0.006092
5.717000,-0.092451,0.028187,0.007463
5.718000,-0.018557,-0.002423,-0.010840
5.719000,0.012292,0.061864,0.002078
5.720000,0.050471,0.000348,0.007731
5.721000,0.023087,0.038597,0.013464
5.722000,-0.027909,-0.009210,-0.022832
5.723000,0.048801,0.067338,0.010376
5.724000,-0.004357,-0.028146,-0.013196
5.725000,0.081679,0.012568,-0.011851
5.726000,0.062879,-0.039981,-0.005024
5.727000,-0.055332,-0.073242,0.006963
5.728000,-0.032056,-0.000631,-0.008736
5.729000,0.042504,0.054031,0.006534
5.730000,-0.029826,0.071438,-0.004133
5.731000,-0.048801,-0.005900,-0.004264
5.732000,-0.013169,-0.004836,0.029696
5.733000,0.045214,-0.018243,0.006208
5.734000,-0.082515,-0.018432,-0.005542
5.735000,-0.019705,-0.043139,-0.002852
5.736000,0.051878,-0.019564,-0.018650
5.737000,-0.049039,0.012380,-0.007586
5.738000,0.038978,-0.009632,0.004241
5.739000,0.006883,-0.028116,-0.000530
5.740000,0.000695,-0.027695,0.011937
5.741000,0.019589,-0.043271,-0.008205
5.742000,-0.062723,-0.062938,0.001972
5.743000,0.067943,0.019833,0.006315
5.744000,-0.009219,0.052971,-0.001239
5.745000,0.031539,0.052371,0.012245
5.746000,-0.022151,-0.003494,-0.021816
5.747000,0.054582,-0.040243,0.010471
5.748000,0.002207,0.006288,0.009839
5.749000,0.046656,0.012575,0.000222
5.750000,0.003927,0.014484,0.014240
5.751000,-0.027631,0.004772,0.005203
5.752000,-0.011263,-0.053440,0.003079
5.753000,-0.019586,0.024709,-0.005258
5.754000,-0.002715,-0.013257,0.000888
5.755000,-0.024265,0.034998,0.005013
5.756000,0.034025,0.010359,0.004946
5.757000,0.066569,0.019378,-0.008191
5.758000,0.009004,-0.032474,0.005212
5.759000,-0.045323,-0.062027,0.017000
5.760000,0.047568,0.032745,0.002592
5.761000,0.013172,0.027361,0.000853
5.762000,-0.039329,-0.027906,0.011316
5.763000,-0.047320,-0.002535,-0.011250
5.764000,-0.045897,0.044132,0.003770
5.765000,-0.021036,-0.000333,-0.012304
5.766000,0.059703,0.055595,-0.001648
5.767000,0.089053,-0.004405,-0.018530
5.768000,0.042024,0.018778,0.006786
5.769000,0.051293,0.009957,-0.006388
5.770000,0.039512,0.036417,-0.009561
5.771000,-0.000304,-0.041759,-0.003372
5.772000,0.048420,-0.075002,0.009282
5.773000,-0.028397,0.001934,-0.021047
5.774000,-0.053623,0.048385,0.003791
5.775000,-0.008318,-0.046401,-0.000763
5.776000,-0.025522,0.030200,-0.003904
5.777000,0.076825,-0.002022,0.014603
5.778000,-0.046075,0.017917,0.015073
5.779000,-0.008994,-0.023800,-0.003951
5.780000,0.007641,0.047702,0.014415
5.781000,0.003600,-0.036600,0.007680
5.782000,0.019440,0.020566,0.013704
5.783000,0.072023,0.028802,0.005632
5.784000,0.019612,0.025902,-0.004608
5.785000,0.013428,0.020265,-0.008074
5.786000,-0.040486,-0.059210,-0.000595
5.787000,0.026501,-0.039013,-0.017587
5.788000,-0.075925,-0.087476,-0.011393
5.789000,-0.011428,0.113583,-0.002103
5.790000,-0.056401,-0.051450,0.005117
5.791000,-0.011144,0.002496,0.008617
5.792000,0.008403,-0.017666,-0.012214
5.793000,-0.041709,-0.002673,0.006675
5.794000,-0.018227,0.029192,0.017300
5.795000,0.090105,0.112580,-0.001626
5.796000,0.029507,-0.004843,-0.002288
5.797000,0.011977,-0.032552,-0.001409
5.798000,-0.002109,0.031205,0.007250
5.799000,-0.077621,0.001078,0.004042
5.800000,0.045723,-0.077922,-0.010032
5.801000,-0.008599,-0.052017,0.011343
5.802000,-0.035668,0.038081,-0.003101
5.803000,-0.102559,-0.033880,-0.003082
5.804000,-0.024868,0.044684,-0.018146
5.805000,-0.051236,0.010807,-0.007554
5.806000,0.013855,-0.099185,-0.015945
5.807000,-0.084912,-0.022046,0.005693
5.808000,-0.036171,0.038172,0.006235
5.809000,-0.036323,0.056761,-0.005631
5.810000,-0.119077,-0.002087,0.006302
5.811000,0.012377,-0.003580,0.003985
5.812000,-0.024725,0.037253,-0.021317
5.813000,-0.022483,-0.095097,-0.010045
5.814000,0.095735,-0.040116,-0.001484
5.815000,0.018676,-0.042838,0.014176
5.816000,-0.033851,-0.023300,0.012174
5.817000,-0.022441,-0.071592,0.011620
5.818000,0.037920,0.082903,0.000722
5.819000,0.051002,0.025040,-0.000651
5.820000,-0.049923,0.054559,0.007834
5.821000,-0.002914,-0.081071,0.015403
5.822000,-0.036275,0.158010,0.013893
5.823000,-0.019368,-0.030381,-0.003781
5.824000,0.088392,-0.066574,0.003438
5.825000,-0.035972,-0.016281,0.007852
5.826000,-0.003111,-0.015459,-0.006442
5.827000,-0.013320,0.004240,-0.007100
5.828000,0.068192,-0.017030,0.012281
5.829000,0.006515,-0.009251,-0.004697
5.830000,0.080380,-0.031739,0.004847
5.831000,-0.012442,0.032457,0.006573
5.832000,-0.019519,-0.006204,0.007401
5.833000,-0.015537,0.024494,0.007899
5.834000,0.036963,-0.007181,0.008468
5.835000,-0.030058,0.069007,-0.009967
5.836000,-0.005498,0.089521,-0.008820
5.837000,-0.056836,0.052026,0.003526
5.838000,-0.017342,-0.021735,-0.010989
5.839000,-0.068627,0.056364,0.001944
5.840000,0.027416,-0.090875,0.003036
5.841000,-0.029835,-0.048042,0.003740
5.842000,-0.041600,-0.021961,-0.002893
5.843000,0.026865,-0.022162,0.000970
5.844000,0.056810,-0.035541,0.016250
5.845000,0.022809,-0.026283,-0.017489
5.846000,0.042058,-0.099460,0.021148
5.847000,0.041025,-0.045303,0.010705
5.848000,-0.007747,-0.011921,0.005670
5.849000,0.004231,0.018054,-0.004918
5.850000,0.027748,0.028823,-0.006258
5.851000,0.062081,0.022140,-0.001701
5.852000,0.038833,0.006519,0.015037
5.853000,-0.014413,0.074379,0.015675
5.854000,0.004681,-0.056896,-0.002966
5.855000,-0.014243,0.101630,-0.000899
5.856000,0.009836,0.029305,-0.006681
5.857000,-0.030092,0.045543,0.014247
5.858000,0.033315,0.066424,-0.005176
5.859000,-0.017708,-0.013612,-0.019467
5.860000,0.009080,-0.041736,-0.005019
5.861000,-0.118889,-0.058956,0.016936
5.862000,-0.017385,-0.027120,0.000587
5.863000,0.028171,-0.050924,-0.013223
5.864000,-0.067490,0.025408,0.004467
5.865000,0.052580,-0.001934,-0.000335
5.866000,-0.034502,0.039841,-0.007371
5.867000,-0.092484,0.039818,-0.015207
5.868000,0.005113,0.032956,-0.010662
5.869000,0.024560,0.051572,-0.001971
5.870000,0.012362,0.008025,0.003020
5.871000,-0.002123,0.024357,0.012627
5.872000,0.005570,-0.022937,-0.005869
5.873000,-0.000972,0.027599,-0.007796
5.874000,0.044025,0.031427,0.002554
5.875000,0.017713,-0.070407,-0.019464
5.876000,0.032735,-0.004034,0.014639
5.877000,-0.016238,-0.019950,-0.004691
5.878000,0.077857,0.049163,-0.009649
5.879000,-0.077238,-0.066888,0.006250
5.880000,-0.007022,0.091896,0.002092
5.881000,-0.052178,-0.035055,0.014950
5.882000,0.021703,0.023412,0.006864
5.883000,-0.006119,-0.009727,-0.005365
5.884000,0.099797,-0.030850,-0.014173
5.885000,-0.003466,0.001064,-0.008308
5.886000,0.042870,-0.000771,0.019724
5.887000,-0.005547,-0.067666,-0.006412
5.888000,-0.036007,-0.060887,0.004006
5.889000,-0.022459,0.045790,-0.002636
5.890000,-0.061790,0.060236,-0.023262
5.891000,-0.098999,0.016462,0.014176
5.892000,0.028058,-0.020327,0.014108
5.893000,-0.049541,-0.082555,0.002379
5.894000,0.061388,0.027333,-0.007804
5.895000,-0.007298,-0.021907,-0.010639
5.896000,0.027050,0.020858,-0.008667
5.897000,0.003666,0.070732,-0.019159
5.898000,0.009400,-0.067042,-0.000740
5.899000,0.006870,-0.017561,-0.005948
5.900000,-0.035415,0.031078,0.016397
5.901000,0.028729,-0.017274,-0.006187
5.902000,0.024852,-0.046463,-0.002397
5.903000,0.012588,-0.010057,-0.017555
5.904000,0.039111,0.011372,-0.016278
5.905000,-0.034867,0.062982,-0.005680
5.906000,-0.033276,0.036209,-0.000715
5.907000,-0.017675,-0.095232,-0.009047
5.908000,-0.026933,0.041159,0.023142
5.909000,0.011479,0.062414,0.008672
5.910000,-0.026812,-0.017594,-0.005434
5.911000,0.052813,-0.018633,0.004984
5.912000,-0.001496,0.000216,0.004983
5.913000,0.026995,-0.025035,0.002345
5.914000,0.064668,0.006076,-0.002596
5.915000,-0.017072,-0.002659,-0.004300
5.916000,-0.039084,0.103470,-0.015037
5.917000,-0.033763,-0.101898,0.010309
5.918000,-0.047111,0.032655,-0.006140
5.919000,-0.037925,-0.051762,-0.004931
5.920000,0.005987,0.027284,-0.011481
5.921000,0.003175,0.055347,0.006532
5.922000,0.003176,-0.024532,-0.008656
5.923000,-0.056938,0.115780,0.004476
5.924000,-0.040280,-0.112889,-0.011085
5.925000,-0.011446,-0.041665,-0.002584
5.926000,0.058819,-0.091839,0.014156
5.927000,-0.025735,0.058288,-0.009091
5.928000,-0.008310,0.021472,0.014376
5.929000,0.043445,-0.014282,0.005685
5.930000,0.066563,-0.019878,0.003161
5.931000,-0.064564,0.009991,0.004693
5.932000,0.022664,0.006690,0.017425
5.933000,0.037678,0.008264,-0.011405
5.934000,-0.105927,0.101833,-0.010182
5.935000,-0.019807,0.046878,-0.005404
5.936000,-0.000551,-0.002203,-0.011282
5.937000,0.028481,-0.031712,0.005244
5.938000,-0.025210,-0.042863,-0.010589
5.939000,0.035358,-0.087908,-0.012513
5.940000,0.015053,-0.013302,0.003989
5.941000,-0.042001,-0.040993,0.012529
5.942000,0.089831,0.019355,0.009999
5.943000,0.009793,-0.043464,0.012363
5.944000,-0.012660,0.002394,-0.001857
5.945000,-0.126090,-0.059095,-0.005502
5.946000,0.048840,-0.011600,0.010944
5.947000,0.042068,-0.014854,-0.004399
5.948000,-0.011001,-0.031136,0.004215
5.949000,0.068924,-0.061677,-0.008837
5.950000,0.018561,0.038964,0.003128
5.951000,0.023419,-0.027073,0.003515
5.952000,-0.042296,0.130985,0.008343
5.953000,-0.051132,0.055996,-0.007001
5.954000,-0.056242,-0.022101,-0.005112
5.955000,0.039980,0.042513,-0.004831
5.956000,-0.035915,0.015642,-0.003770
5.957000,0.031711,0.085731,-0.013192
5.958000,-0.001170,-0.039852,-0.000181
5.959000,0.018092,0.050990,-0.008318
5.960000,-0.084530,0.065125,-0.014171
5.961000,-0.041305,0.003446,0.015623
5.962000,0.023406,-0.029131,-0.006827
5.963000,0.010123,0.069805,-0.013930
5.964000,-0.004919,0.056613,-0.006561
5.965000,-0.060861,-0.024226,-0.002114
5.966000,0.039637,0.012261,-0.011956
5.967000,0.030518,-0.107685,0.003365
5.968000,0.068987,-0.005069,-0.016787
5.969000,-0.016518,-0.091024,-0.002770
5.970000,-0.004328,0.034950,0.001007
5.971000,0.003567,0.047636,-0.008025
5.972000,0.049118,0.051708,0.008556
5.973000,0.035151,0.039859,0.002393
5.974000,0.045344,-0.033278,0.004969
5.975000,0.061417,0.009590,-0.009398
5.976000,-0.060833,0.010571,0.003282
5.977000,-0.018657,0.000482,0.002960
5.978000,-0.008713,0.048768,-0.007706
5.979000,0.100778,0.038093,0.011034
5.980000,-0.079098,-0.035161,0.010308
5.981000,0.059039,-0.015534,0.004262
5.982000,0.056836,0.049980,-0.019198
5.983000,0.022052,0.037553,-0.009236
5.984000,-0.025009,-0.016975,-0.012222
5.985000,-0.032358,0.063961,-0.021792
5.986000,-0.046384,-0.016824,0.007820
5.987000,-0.098771,-0.086389,-0.015263
5.988000,-0.003063,0.043879,-0.002318
5.989000,0.034397,-0.021504,0.008763
5.990000,0.028468,0.016749,-0.009295
5.991000,-0.011694,0.029274,-0.005547
5.992000,0.035430,0.079894,0.008178
5.993000,0.057970,0.060460,0.014880
5.994000,0.017457,0.048395,0.004168
5.995000,0.043387,-0.005034,-0.001615
5.996000,0.005750,0.050598,-0.010404
5.997000,-0.026386,-0.029228,-0.016835
5.998000,-0.068652,0.052397,0.001259
5.999000,-0.010463,0.035840,-0.028897
6.000000,-0.391000,-0.418257,0.010361
6.001000,-0.384689,-0.373539,0.016422
6.002000,-0.322420,-0.365465,0.001461
6.003000,-0.367337,-0.386725,-0.009862
6.004000,-0.335324,-0.369558,-0.002690
6.005000,-0.201150,-0.387384,0.018174
6.006000,-0.317090,-0.346652,0.005172
6.007000,-0.433273,-0.332406,-0.001944
6.008000,-0.322994,-0.417213,-0.001886
6.009000,-0.302876,-0.326141,0.015153
6.010000,-0.358197,-0.435947,0.000367
6.011000,-0.379292,-0.259187,0.023797
6.012000,-0.372566,-0.382471,0.003521
6.013000,-0.329469,-0.475568,0.017952
6.014000,-0.327854,-0.265525,0.000894
6.015000,-0.315873,-0.359874,0.011239
6.016000,-0.283306,-0.329199,-0.005071
6.017000,-0.391473,-0.462729,0.006302
6.018000,-0.256997,-0.352523,0.007162
6.019000,-0.307040,-0.418449,-0.010625
6.020000,-0.387990,-0.267379,0.007565
6.021000,-0.335267,-0.369508,0.002473
6.022000,-0.321590,-0.368972,0.001586
6.023000,-0.287381,-0.348172,-0.018263
6.024000,-0.342952,-0.348760,-0.002921
6.025000,-0.245234,-0.354892,-0.002983
6.026000,-0.398240,-0.371548,0.016927
6.027000,-0.375839,-0.328333,-0.016629
6.028000,-0.341015,-0.362878,-0.005721
6.029000,-0.340480,-0.315674,0.015281
6.030000,-0.373785,-0.266114,0.017125
6.031000,-0.317684,-0.376676,-0.021934
6.032000,-0.353766,-0.262451,-0.016827
6.033000,-0.329598,-0.275259,0.013305
6.034000,-0.393034,-0.414229,-0.003357
6.035000,-0.315766,-0.294345,0.010849
6.036000,-0.423041,-0.413460,0.002861
6.037000,-0.355066,-0.395646,0.009636
6.038000,-0.450242,-0.382681,0.008529
6.039000,-0.290689,-0.387887,-0.006597
6.040000,-0.336593,-0.370858,0.007558
6.041000,-0.296234,-0.338636,-0.012542
6.042000,-0.365756,-0.401139,0.000421
6.043000,-0.386147,-0.360320,0.011890
6.044000,-0.355792,-0.471238,-0.013989
6.045000,-0.342395,-0.434670,0.005153
6.046000,-0.321851,-0.344899,0.002902
6.047000,-0.333978,-0.303935,0.003592
6.048000,-0.335042,-0.361565,-0.009318
6.049000,-0.473389,-0.438496,-0.005911
6.050000,-0.349032,-0.373561,0.023624
6.051000,-0.412108,-0.276942,0.008805
6.052000,-0.313448,-0.399312,-0.006207
6.053000,-0.426373,-0.301416,-0.005555
6.054000,-0.385542,-0.309161,-0.005571
6.055000,-0.372516,-0.397165,0.010672
6.056000,-0.357559,-0.457516,0.003586
6.057000,-0.334661,-0.313109,0.019377
6.058000,-0.275584,-0.384698,0.000018
6.059000,-0.288948,-0.354651,0.001895
6.060000,-0.331837,-0.379385,0.004721
6.061000,-0.329480,-0.389137,-0.013719
6.062000,-0.354761,-0.263277,-0.018632
6.063000,-0.269491,-0.294526,-0.008902
6.064000,-0.290420,-0.358129,0.009179
6.065000,-0.228574,-0.372540,0.010397
6.066000,-0.340919,-0.363741,-0.012090
6.067000,-0.349132,-0.419870,-0.000709
6.068000,-0.366290,-0.326337,0.005978
6.069000,-0.344697,-0.317718,-0.010619
6.070000,-0.388116,-0.320156,-0.008044
6.071000,-0.296412,-0.337364,-0.004585
6.072000,-0.370985,-0.408278,-0.015405
6.073000,-0.419039,-0.411408,0.008538
6.074000,-0.319709,-0.249392,-0.007131
6.075000,-0.371737,-0.355538,0.006360
6.076000,-0.301932,-0.383713,0.001640
6.077000,-0.374743,-0.375632,0.004480
6.078000,-0.432789,-0.311120,-0.002443
6.079000,-0.332566,-0.349569,-0.004990
6.080000,-0.382727,-0.408660,0.005136
6.081000,-0.360067,-0.362674,0.003750
6.082000,-0.245427,-0.411889,0.000819
6.083000,-0.380783,-0.335107,0.007127
6.084000,-0.344970,-0.430895,-0.008744
6.085000,-0.319661,-0.430953,0.003651
6.086000,-0.321349,-0.319385,0.007421
6.087000,-0.414381,-0.418003,-0.021283
6.088000,-0.304723,-0.346670,-0.003953
6.089000,-0.317363,-0.425471,-0.001300
6.090000,-0.368298,-0.365329,0.001334
6.091000,-0.327114,-0.402991,-0.013961
6.092000,-0.312431,-0.349347,-0.019058
6.093000,-0.367838,-0.366367,-0.005607
6.094000,-0.340191,-0.376333,0.002628
6.095000,-0.365070,-0.320079,-0.015359
6.096000,-0.375411,-0.330620,-0.010806
6.097000,-0.430664,-0.372628,-0.012066
6.098000,-0.308551,-0.401208,-0.030078
6.099000,-0.380353,-0.360475,0.001243
6.100000,-0.346443,-0.381025,-0.005910
6.101000,-0.295811,-0.321332,0.003091
6.102000,-0.356878,-0.335273,0.000227
6.103000,-0.350096,-0.350629,-0.006011
6.104000,-0.255311,-0.403847,-0.014260
6.105000,-0.347448,-0.445864,0.002315
6.106000,-0.428126,-0.369154,0.013799
6.107000,-0.364936,-0.377318,0.019807
6.108000,-0.348891,-0.439030,0.007851
6.109000,-0.314594,-0.331864,0.006085
6.110000,-0.321261,-0.300828,-0.002344
6.111000,-0.396938,-0.347396,0.003120
6.112000,-0.332122,-0.322413,0.007528
6.113000,-0.333470,-0.402439,-0.007957
6.114000,-0.341890,-0.380496,-0.002550
6.115000,-0.457300,-0.306388,-0.006455
6.116000,-0.288081,-0.429814,0.016822
6.117000,-0.298660,-0.440721,0.006161
6.118000,-0.401388,-0.323242,0.007980
6.119000,-0.353812,-0.366314,-0.004196
6.120000,-0.310104,-0.297661,0.009686
6.121000,-0.310652,-0.269805,0.007153
6.122000,-0.356803,-0.354187,-0.002297
6.123000,-0.374473,-0.353846,0.000014
6.124000,-0.277235,-0.388795,-0.006358
6.125000,-0.355797,-0.433717,0.012347
6.126000,-0.282615,-0.357088,-0.002913
6.127000,-0.322423,-0.356623,0.012271
6.128000,-0.341441,-0.285835,0.011659
6.129000,-0.371694,-0.333221,0.008848
6.130000,-0.337816,-0.385138,0.003026
6.131000,-0.426531,-0.311600,0.004188
6.132000,-0.396721,-0.369165,0.007405
6.133000,-0.418518,-0.274692,-0.008007
6.134000,-0.322219,-0.305491,0.015891
6.135000,-0.409872,-0.457011,-0.000213
6.136000,-0.393061,-0.443989,0.005249
6.137000,-0.266525,-0.423138,0.009101
6.138000,-0.414355,-0.361025,0.019113
6.139000,-0.428469,-0.292492,-0.008652
6.140000,-0.345083,-0.387531,-0.007246
6.141000,-0.338533,-0.472784,-0.008338
6.142000,-0.251279,-0.279738,0.005447
6.143000,-0.284512,-0.350717,-0.006479
6.144000,-0.338625,-0.295696,0.010129
6.145000,-0.314504,-0.482189,-0.001353
6.146000,-0.365836,-0.334400,-0.001300
6.147000,-0.423207,-0.309858,0.004409
6.148000,-0.368862,-0.435051,0.001863
6.149000,-0.351724,-0.307645,-0.003362
6.150000,-0.399138,-0.314269,-0.012448
6.151000,-0.317692,-0.400803,0.009615
6.152000,-0.248854,-0.354754,-0.004469
6.153000,-0.353445,-0.379413,-0.006488
6.154000,-0.340099,-0.422963,-0.010614
6.155000,-0.337996,-0.402278,0.005969
6.156000,-0.370878,-0.359126,0.010236
6.157000,-0.357456,-0.318333,-0.011442
6.158000,-0.386261,-0.368670,-0.003332
6.159000,-0.373032,-0.422810,-0.027294
6.160000,-0.336746,-0.382595,-0.007420
6.161000,-0.320088,-0.313721,-0.002917
6.162000,-0.369648,-0.339779,0.008945
6.163000,-0.392730,-0.324537,0.004934
6.164000,-0.330046,-0.296910,-0.017552
6.165000,-0.402483,-0.337084,0.007576
6.166000,-0.403874,-0.400279,-0.000933
6.167000,-0.352875,-0.395430,0.002882
6.168000,-0.287827,-0.288702,0.007822
6.169000,-0.343181,-0.436864,0.002643
6.170000,-0.401235,-0.326046,0.003605
6.171000,-0.348668,-0.418417,0.005284
6.172000,-0.407875,-0.352837,-0.012705
6.173000,-0.368897,-0.383281,0.014133
6.174000,-0.349690,-0.315371,-0.009605
6.175000,-0.389168,-0.373939,0.002211
6.176000,-0.432030,-0.363446,0.006217
6.177000,-0.433721,-0.319300,0.007234
6.178000,-0.360842,-0.308704,0.008605
6.179000,-0.363127,-0.408048,0.007848
6.180000,-0.340417,-0.379315,-0.012678
6.181000,-0.293541,-0.394382,-0.001650
6.182000,-0.381601,-0.283200,0.007147
6.183000,-0.290768,-0.325817,-0.019166
6.184000,-0.361548,-0.333440,0.015058
6.185000,-0.465622,-0.345562,0.004702
6.186000,-0.393552,-0.346673,-0.003365
6.187000,-0.287196,-0.276146,0.007181
6.188000,-0.323575,-0.306750,-0.000203
6.189000,-0.291995,-0.358484,-0.000327
6.190000,-0.304829,-0.400983,0.005454
6.191000,-0.284333,-0.307062,0.002935
6.192000,-0.377345,-0.408959,0.001100
6.193000,-0.286020,-0.445549,0.003111
6.194000,-0.349251,-0.380679,-0.016587
6.195000,-0.238764,-0.356447,0.005668
6.196000,-0.268942,-0.378998,0.002680
6.197000,-0.355705,-0.342445,0.014680
6.198000,-0.362976,-0.435867,-0.010996
6.199000,-0.312785,-0.315941,-0.009853
6.200000,-0.353676,-0.365544,0.009219
6.201000,-0.357026,-0.374464,0.012319
6.202000,-0.345071,-0.388838,-0.011559
6.203000,-0.326388,-0.279105,-0.025283
6.204000,-0.403316,-0.333651,-0.011432
6.205000,-0.349240,-0.360350,-0.001952
6.206000,-0.309645,-0.323092,-0.012324
6.207000,-0.314179,-0.336444,0.001066
6.208000,-0.348316,-0.407825,0.003916
6.209000,-0.363703,-0.346211,0.022256
6.210000,-0.388432,-0.242846,0.009113
6.211000,-0.302334,-0.307136,0.003089
6.212000,-0.407093,-0.458381,-0.021465
6.213000,-0.386892,-0.339886,-0.008800
6.214000,-0.352457,-0.346284,0.010912
6.215000,-0.285591,-0.282858,0.014706
6.216000,-0.386467,-0.390729,-0.008620
6.217000,-0.342694,-0.384689,0.002828
6.218000,-0.321111,-0.369674,-0.006955
6.219000,-0.374773,-0.344452,0.013868
6.220000,-0.375202,-0.400929,0.011555
6.221000,-0.338309,-0.404487,0.001219
6.222000,-0.416680,-0.376764,-0.006174
6.223000,-0.292575,-0.392003,-0.005259
6.224000,-0.277056,-0.309310,0.000817
6.225000,-0.315340,-0.271109,0.000723
6.226000,-0.310758,-0.365985,-0.000938
6.227000,-0.380696,-0.314763,0.016247
6.228000,-0.335566,-0.368034,-0.000565
6.229000,-0.394867,-0.419942,-0.020302
6.230000,-0.332534,-0.366059,-0.002319
6.231000,-0.399832,-0.299782,-0.006639
6.232000,-0.383085,-0.397239,0.009487
6.233000,-0.281583,-0.415608,-0.002822
6.234000,-0.347378,-0.315781,-0.006468
6.235000,-0.285424,-0.385531,-0.002043
6.236000,-0.382596,-0.378771,-0.003859
6.237000,-0.387306,-0.368006,-0.008423
6.238000,-0.454822,-0.287374,-0.004495
6.239000,-0.308979,-0.343764,0.001870
6.240000,-0.356190,-0.345612,0.001854
6.241000,-0.359961,-0.366055,0.004117
6.242000,-0.386122,-0.345942,-0.016741
6.243000,-0.334316,-0.386815,-0.007185
6.244000,-0.316782,-0.319950,-0.016221
6.245000,-0.362219,-0.361203,-0.004847
6.246000,-0.335654,-0.408831,-0.005238
6.247000,-0.317506,-0.337898,-0.012220
6.248000,-0.336343,-0.322152,0.005485
6.249000,-0.366573,-0.385614,0.010024
6.250000,-0.380571,-0.365734,0.004962
6.251000,-0.325327,-0.287726,0.008782
6.252000,-0.361354,-0.390563,-0.013799
6.253000,-0.430370,-0.309949,-0.001296
6.254000,-0.297043,-0.346382,-0.006055
6.255000,-0.354640,-0.343694,-0.001943
6.256000,-0.333705,-0.409812,-0.001375
6.257000,-0.347349,-0.335506,-0.009450
6.258000,-0.355089,-0.343369,0.004526
6.259000,-0.302461,-0.372872,0.008355
6.260000,-0.404813,-0.448758,-0.001515
6.261000,-0.401290,-0.339551,-0.011248
6.262000,-0.300169,-0.322958,0.008213
6.263000,-0.317791,-0.397021,0.001127
6.264000,-0.311208,-0.398556,-0.001003
6.265000,-0.398437,-0.378747,0.004108
6.266000,-0.325859,-0.416474,0.007906
6.267000,-0.332356,-0.347032,0.009726
6.268000,-0.400249,-0.390552,0.010776
6.269000,-0.390539,-0.471051,0.011365
6.270000,-0.383030,-0.305125,-0.015743
6.271000,-0.385734,-0.367098,-0.004530
6.272000,-0.406264,-0.370582,-0.013019
6.273000,-0.340583,-0.391985,-0.001426
6.274000,-0.282013,-0.389325,0.008053
6.275000,-0.286151,-0.404909,-0.002572
6.276000,-0.448226,-0.372615,0.004017
6.277000,-0.314260,-0.377149,0.023237
6.278000,-0.341879,-0.397233,0.000146
6.279000,-0.448380,-0.394650,-0.014065
6.280000,-0.391681,-0.383514,-0.018979
6.281000,-0.383977,-0.314933,-0.018781
6.282000,-0.383045,-0.294232,-0.007030
6.283000,-0.302460,-0.286572,-0.005531
6.284000,-0.340055,-0.371297,0.006694
6.285000,-0.309005,-0.423860,-0.008146
6.286000,-0.425121,-0.421541,0.010807
6.287000,-0.421603,-0.341975,-0.007630
6.288000,-0.412649,-0.375380,0.009158
6.289000,-0.376411,-0.351785,0.000838
6.290000,-0.377275,-0.304604,-0.007902
6.291000,-0.233385,-0.282929,-0.008241
6.292000,-0.327811,-0.438879,0.003189
6.293000,-0.295931,-0.318943,-0.008667
6.294000,-0.392262,-0.322916,0.013955
6.295000,-0.311057,-0.379310,-0.005239
6.296000,-0.426020,-0.360034,0.002866
6.297000,-0.366967,-0.328267,0.003697
6.298000,-0.294446,-0.363408,-0.007785
6.299000,-0.357353,-0.305918,-0.006570
6.300000,-0.340779,-0.365146,0.004073
6.301000,-0.413682,-0.298792,-0.014334
6.302000,-0.429057,-0.398440,0.005432
6.303000,-0.392079,-0.398278,-0.004479
6.304000,-0.292966,-0.284612,0.011806
6.305000,-0.376503,-0.343807,0.017357
6.306000,-0.274364,-0.312094,-0.004576
6.307000,-0.297494,-0.358258,-0.016761
6.308000,-0.423801,-0.341654,0.001753
6.309000,-0.417038,-0.335173,0.014079
6.310000,-0.272122,-0.349060,0.005355
6.311000,-0.324405,-0.364488,-0.000733
6.312000,-0.292916,-0.373461,0.017416
6.313000,-0.455789,-0.382335,0.013491
6.314000,-0.357767,-0.336980,-0.000487
6.315000,-0.361835,-0.305324,0.004464
6.316000,-0.309977,-0.432440,0.009787
6.317000,-0.406602,-0.318707,0.002363
6.318000,-0.319867,-0.385659,-0.001499
6.319000,-0.379221,-0.320045,0.003888
6.320000,-0.375018,-0.436021,-0.009760
6.321000,-0.347266,-0.443019,0.012818
6.322000,-0.285705,-0.324816,-0.013505
6.323000,-0.352170,-0.387638,-0.002851
6.324000,-0.345106,-0.294166,-0.003974
6.325000,-0.410978,-0.480393,-0.007522
6.326000,-0.260027,-0.371775,-0.008654
6.327000,-0.329473,-0.309750,-0.003011
6.328000,-0.346789,-0.291232,0.011882
6.329000,-0.414506,-0.355102,0.011534
6.330000,-0.331538,-0.319184,0.003313
6.331000,-0.363339,-0.370285,0.009674
6.332000,-0.354287,-0.371053,0.007932
6.333000,-0.307017,-0.355302,0.011517
6.334000,-0.436484,-0.334232,-0.010058
6.335000,-0.361851,-0.354209,-0.009701
6.336000,-0.245329,-0.355644,-0.003385
6.337000,-0.294135,-0.384336,0.005331
6.338000,-0.282352,-0.328282,-0.002272
6.339000,-0.341850,-0.220053,0.023069
6.340000,-0.458513,-0.331738,-0.004489
6.341000,-0.371920,-0.442447,-0.004074
6.342000,-0.306645,-0.381934,-0.002663
6.343000,-0.222396,-0.346161,-0.000631
6.344000,-0.376782,-0.409839,0.018464
6.345000,-0.250472,-0.332899,0.000288
6.346000,-0.391006,-0.335124,0.010907
6.347000,-0.370830,-0.305941,0.008507
6.348000,-0.371150,-0.404433,-0.012938
6.349000,-0.359391,-0.427964,-0.009714
6.350000,-0.293838,-0.385783,-0.002700
6.351000,-0.354765,-0.394771,0.000229
6.352000,-0.344326,-0.462496,0.008966
6.353000,-0.398599,-0.360084,-0.000793
6.354000,-0.322884,-0.309685,0.000686
6.355000,-0.385781,-0.397367,-0.007210
6.356000,-0.353377,-0.318142,0.004725
6.357000,-0.353862,-0.382142,-0.018175
6.358000,-0.342223,-0.416131,0.004222
6.359000,-0.364034,-0.409732,0.000624
6.360000,-0.340988,-0.364908,0.017743
6.361000,-0.365264,-0.228006,-0.007240
6.362000,-0.329434,-0.434667,0.009851
6.363000,-0.421426,-0.345957,-0.016814
6.364000,-0.309629,-0.349993,0.003069
6.365000,-0.295160,-0.375560,-0.000522
6.366000,-0.406956,-0.356253,-0.015543
6.367000,-0.321389,-0.326626,-0.001686
6.368000,-0.343609,-0.311538,0.000753
6.369000,-0.399059,-0.348773,-0.003908
6.370000,-0.361227,-0.420763,-0.003508
6.371000,-0.364205,-0.329618,-0.001964
6.372000,-0.304944,-0.442690,0.006302
6.373000,-0.354075,-0.341391,0.003845
6.374000,-0.350912,-0.330687,0.007555
6.375000,-0.339443,-0.374628,-0.005060
6.376000,-0.280876,-0.430633,-0.012288
6.377000,-0.396379,-0.390697,0.008748
6.378000,-0.270081,-0.355074,0.003122
6.379000,-0.341930,-0.384808,-0.014225
6.380000,-0.328712,-0.390122,-0.005411
6.381000,-0.359250,-0.414612,0.012608
6.382000,-0.312500,-0.415026,0.010689
6.383000,-0.328849,-0.374493,-0.003040
6.384000,-0.365623,-0.378092,0.000051
6.385000,-0.406647,-0.419134,0.002852
6.386000,-0.353195,-0.411237,-0.001002
6.387000,-0.481027,-0.318315,-0.009774
6.388000,-0.340186,-0.330772,0.010324
6.389000,-0.322683,-0.366473,0.005322
6.390000,-0.357345,-0.323299,0.011104
6.391000,-0.391043,-0.347798,0.010159
6.392000,-0.280319,-0.303904,0.006197
6.393000,-0.338662,-0.395265,0.007150
6.394000,-0.360735,-0.388593,-0.005616
6.395000,-0.344197,-0.416459,0.009102
6.396000,-0.295969,-0.263624,0.001553
6.397000,-0.338220,-0.425698,-0.009733
6.398000,-0.339983,-0.260634,-0.004630
6.399000,-0.335452,-0.386424,-0.002864
6.400000,-0.288883,-0.374572,0.011160
6.401000,-0.345095,-0.367758,-0.001512
6.402000,-0.319714,-0.339009,-0.008962
6.403000,-0.276361,-0.348248,-0.000491
6.404000,-0.410772,-0.343234,0.014142
6.405000,-0.306909,-0.308900,0.002364
6.406000,-0.336399,-0.339775,-0.009473
6.407000,-0.359826,-0.305025,0.003059
6.408000,-0.297555,-0.403691,-0.006406
6.409000,-0.347532,-0.273085,0.002909
6.410000,-0.390822,-0.262557,0.002424
6.411000,-0.424254,-0.313836,-0.035371
6.412000,-0.326782,-0.340612,0.009167
6.413000,-0.460682,-0.363833,0.000183
6.414000,-0.349850,-0.323846,0.026123
6.415000,-0.305642,-0.322999,-0.015041
6.416000,-0.370239,-0.279914,0.005210
6.417000,-0.365410,-0.317223,0.011374
6.418000,-0.305968,-0.354565,0.002931
6.419000,-0.287949,-0.357817,-0.005530
6.420000,-0.360293,-0.467255,-0.001623
6.421000,-0.409442,-0.388062,0.017514
6.422000,-0.332732,-0.409077,0.005876
6.423000,-0.289988,-0.351016,0.006134
6.424000,-0.375701,-0.392401,0.018777
6.425000,-0.289496,-0.377211,0.000752
6.426000,-0.432271,-0.340262,-0.000411
6.427000,-0.358450,-0.334154,-0.000983
6.428000,-0.265802,-0.386642,-0.007889
6.429000,-0.303473,-0.348929,0.001777
6.430000,-0.300453,-0.321151,0.019151
6.431000,-0.274241,-0.460968,-0.005210
6.432000,-0.277550,-0.313170,-0.009856
6.433000,-0.360276,-0.356894,-0.008191
6.434000,-0.393525,-0.394473,-0.009778
6.435000,-0.320920,-0.444621,0.008985
6.436000,-0.279176,-0.367124,0.007797
6.437000,-0.311204,-0.257098,-0.000120
6.438000,-0.385197,-0.358724,-0.002105
6.439000,-0.345588,-0.358929,-0.010741
6.440000,-0.418371,-0.465050,0.004765
6.441000,-0.351619,-0.320858,0.001685
6.442000,-0.334344,-0.378915,-0.002757
6.443000,-0.343012,-0.421195,0.009299
6.444000,-0.338782,-0.466498,0.002776
6.445000,-0.458737,-0.339617,0.013056
6.446000,-0.351348,-0.382825,0.002884
6.447000,-0.309268,-0.351576,0.012374
6.448000,-0.385221,-0.360965,0.002654
6.449000,-0.352837,-0.340528,0.005958
6.450000,-0.301672,-0.368970,-0.000981
6.451000,-0.318727,-0.360120,-0.001363
6.452000,-0.322653,-0.347380,-0.000476
6.453000,-0.402421,-0.334238,-0.002126
6.454000,-0.248365,-0.349515,0.006831
6.455000,-0.348056,-0.355363,0.003474
6.456000,-0.292441,-0.352266,0.000070
6.457000,-0.309722,-0.369188,-0.009908
6.458000,-0.346832,-0.336139,0.012044
6.459000,-0.346653,-0.431339,-0.007560
6.460000,-0.324695,-0.358786,0.013113
6.461000,-0.291711,-0.244076,0.003608
6.462000,-0.321325,-0.395687,0.000262
6.463000,-0.413740,-0.347790,-0.004942
6.464000,-0.456691,-0.354914,-0.000650
6.465000,-0.409717,-0.437217,-0.003434
6.466000,-0.359465,-0.434219,-0.007321
6.467000,-0.379447,-0.431690,-0.004217
6.468000,-0.391689,-0.225877,0.022795
6.469000,-0.382104,-0.319492,-0.009364
6.470000,-0.384008,-0.354180,0.000102
6.471000,-0.333361,-0.283332,-0.008725
6.472000,-0.293226,-0.368320,-0.003036
6.473000,-0.380602,-0.343265,0.003063
6.474000,-0.289758,-0.457711,0.003905
6.475000,-0.337994,-0.328578,-0.005897
6.476000,-0.379405,-0.409103,-0.005280
6.477000,-0.321994,-0.437175,-0.000132
6.478000,-0.309440,-0.367929,0.006380
6.479000,-0.353480,-0.364218,0.019370
6.480000,-0.304300,-0.355340,-0.003313
6.481000,-0.317605,-0.368477,0.001284
6.482000,-0.396871,-0.258290,-0.005934
6.483000,-0.370384,-0.421843,-0.007689
6.484000,-0.316052,-0.396149,0.001981
6.485000,-0.335953,-0.335029,0.001960
6.486000,-0.293777,-0.409138,0.005773
6.487000,-0.416041,-0.378457,-0.001065
6.488000,-0.452970,-0.363279,-0.006894
6.489000,-0.394053,-0.423940,-0.009724
6.490000,-0.322429,-0.363937,0.004259
6.491000,-0.364600,-0.412482,-0.002273
6.492000,-0.315541,-0.343231,-0.002447
6.493000,-0.325931,-0.344139,0.021863
6.494000,-0.368165,-0.381778,-0.009267
6.495000,-0.242539,-0.332030,0.032545
6.496000,-0.309718,-0.354438,0.002403
6.497000,-0.330871,-0.343258,-0.024287
6.498000,-0.387958,-0.372005,-0.014519
6.499000,-0.369807,-0.298092,-0.005321
6.500000,-0.319852,-0.481459,-0.001078
6.501000,-0.341071,-0.408366,-0.018207
6.502000,-0.339467,-0.350901,-0.006010
6.503000,-0.342039,-0.312567,0.003596
6.504000,-0.328930,-0.355785,-0.011259
6.505000,-0.369684,-0.369696,0.000636
6.506000,-0.361155,-0.434577,0.012892
6.507000,-0.229212,-0.305801,0.011679
6.508000,-0.304566,-0.380909,-0.003061
6.509000,-0.328973,-0.379198,-0.006479
6.510000,-0.392469,-0.367771,-0.010592
6.511000,-0.347659,-0.358380,-0.007129
6.512000,-0.309499,-0.448625,0.014330
6.513000,-0.388658,-0.387106,0.014871
6.514000,-0.309310,-0.365962,0.002450
6.515000,-0.325015,-0.486744,0.010939
6.516000,-0.324844,-0.390141,0.001027
6.517000,-0.357702,-0.388820,-0.006243
6.518000,-0.293696,-0.356326,-0.000571
6.519000,-0.413532,-0.337601,0.015580
6.520000,-0.374733,-0.357321,0.001213
6.521000,-0.289152,-0.406364,0.005481
6.522000,-0.372242,-0.343483,0.015644
6.523000,-0.377060,-0.358761,-0.005195
6.524000,-0.459451,-0.329294,-0.023173
6.525000,-0.263913,-0.448704,-0.001143
6.526000,-0.361593,-0.402788,-0.009191
6.527000,-0.290343,-0.380357,0.003377
6.528000,-0.257089,-0.261465,0.013418
6.529000,-0.365896,-0.510642,0.012478
6.530000,-0.318234,-0.398897,0.004907
6.531000,-0.377306,-0.396263,-0.007934
6.532000,-0.315378,-0.418777,-0.012589
6.533000,-0.379681,-0.366862,0.002084
6.534000,-0.326296,-0.362176,-0.011760
6.535000,-0.351885,-0.397857,0.000883
6.536000,-0.327567,-0.331680,0.012007
6.537000,-0.412435,-0.372790,0.008013
6.538000,-0.414991,-0.321648,-0.004152
6.539000,-0.329850,-0.343434,0.002727
6.540000,-0.335844,-0.406612,-0.000286
6.541000,-0.272202,-0.385745,0.007378
6.542000,-0.373837,-0.371629,0.014425
6.543000,-0.361199,-0.364947,0.008046
6.544000,-0.315317,-0.430803,0.012671
6.545000,-0.304917,-0.389337,0.000288
6.546000,-0.402761,-0.376519,-0.000692
6.547000,-0.347604,-0.375265,-0.006362
6.548000,-0.337562,-0.289566,0.002855
6.549000,-0.401525,-0.303340,-0.013666
6.550000,-0.357621,-0.414940,-0.003061
6.551000,-0.265939,-0.501457,-0.007235
6.552000,-0.425565,-0.306313,0.019240
6.553000,-0.338024,-0.299198,-0.028772
6.554000,-0.336892,-0.333612,0.006223
6.555000,-0.376175,-0.379529,-0.006732
6.556000,-0.338735,-0.386975,0.003278
6.557000,-0.366050,-0.391372,0.005009
6.558000,-0.350511,-0.415630,0.024150
6.559000,-0.345394,-0.380081,0.000096
6.560000,-0.360193,-0.452307,-0.022203
6.561000,-0.257355,-0.353778,0.003434
6.562000,-0.355273,-0.379471,-0.017724
6.563000,-0.319675,-0.432221,-0.015398
6.564000,-0.329180,-0.352515,-0.003843
6.565000,-0.240006,-0.332652,0.021710
6.566000,-0.371246,-0.355029,0.011976
6.567000,-0.304045,-0.359638,-0.013346
6.568000,-0.414482,-0.344608,-0.014990
6.569000,-0.307080,-0.306814,0.008644
6.570000,-0.429545,-0.289734,0.001572
6.571000,-0.458423,-0.384733,-0.012668
6.572000,-0.348235,-0.373718,-0.004550
6.573000,-0.349328,-0.412415,-0.015490
6.574000,-0.404997,-0.423856,-0.004518
6.575000,-0.309349,-0.335149,0.000300
6.576000,-0.334742,-0.310667,0.002040
6.577000,-0.291976,-0.361385,-0.002059
6.578000,-0.295791,-0.386456,-0.008543
6.579000,-0.427565,-0.362514,-0.000118
6.580000,-0.314439,-0.318918,0.001040
6.581000,-0.421905,-0.468620,0.004825
6.582000,-0.339708,-0.351904,-0.001779
6.583000,-0.369354,-0.453648,-0.018130
6.584000,-0.292797,-0.277338,-0.009120
6.585000,-0.434053,-0.476205,-0.015609
6.586000,-0.348799,-0.304666,0.004824
6.587000,-0.327115,-0.376346,0.006082
6.588000,-0.394223,-0.342944,0.014008
6.589000,-0.423883,-0.275524,0.000784
6.590000,-0.414958,-0.378953,-0.002007
6.591000,-0.391797,-0.414511,0.016113
6.592000,-0.356367,-0.358703,-0.008641
6.593000,-0.404663,-0.380979,0.017243
6.594000,-0.285436,-0.287354,0.005799
6.595000,-0.354560,-0.337853,-0.008891
6.596000,-0.205327,-0.323816,-0.013580
6.597000,-0.395762,-0.444126,-0.006159
6.598000,-0.352500,-0.289877,0.017824
6.599000,-0.337920,-0.376717,-0.008552
6.600000,-0.414038,-0.331195,0.000501
6.601000,-0.257821,-0.320628,-0.004880
6.602000,-0.349211,-0.453992,0.005531
6.603000,-0.316432,-0.366596,-0.019027
6.604000,-0.280019,-0.411925,-0.000718
6.605000,-0.345531,-0.329393,-0.003072
6.606000,-0.433356,-0.261005,0.013891
6.607000,-0.367131,-0.348294,-0.021014
6.608000,-0.298280,-0.283441,-0.004501
6.609000,-0.416897,-0.426626,-0.013718
6.610000,-0.382233,-0.376722,0.007268
6.611000,-0.391782,-0.357445,0.001409
6.612000,-0.283289,-0.398339,-0.014686
6.613000,-0.398439,-0.342788,-0.008025
6.614000,-0.344838,-0.332648,-0.002602
6.615000,-0.335184,-0.402498,0.001415
6.616000,-0.327558,-0.413666,-0.006325
6.617000,-0.323426,-0.366732,-0.007296
6.618000,-0.402203,-0.453427,0.004727
6.619000,-0.374096,-0.378279,-0.001368
6.620000,-0.387885,-0.282109,0.005876
6.621000,-0.373873,-0.394741,0.000065
6.622000,-0.294369,-0.360842,0.005668
6.623000,-0.404148,-0.463326,0.011554
6.624000,-0.363276,-0.326996,-0.008583
6.625000,-0.282700,-0.339284,-0.002487
6.626000,-0.366125,-0.363963,-0.011058
6.627000,-0.331296,-0.349905,-0.005021
6.628000,-0.414589,-0.402053,-0.004553
6.629000,-0.348054,-0.376169,0.004415
6.630000,-0.307931,-0.411416,0.001426
6.631000,-0.433154,-0.391112,0.001704
6.632000,-0.368313,-0.340710,0.002447
6.633000,-0.396750,-0.369275,-0.030528
6.634000,-0.341724,-0.406998,-0.005369
6.635000,-0.342370,-0.390221,0.008399
6.636000,-0.317429,-0.353318,0.005188
6.637000,-0.394344,-0.413006,0.013823
6.638000,-0.346781,-0.411906,0.016706
6.639000,-0.350841,-0.432657,0.001892
6.640000,-0.337134,-0.306142,-0.002519
6.641000,-0.316983,-0.329010,0.000641
6.642000,-0.429075,-0.328060,0.006372
6.643000,-0.394715,-0.381890,0.009898
6.644000,-0.342112,-0.345181,-0.008302
6.645000,-0.364384,-0.352671,-0.009932
6.646000,-0.477514,-0.381703,0.005031
6.647000,-0.366862,-0.397783,-0.000858
6.648000,-0.302037,-0.345003,-0.000006
6.649000,-0.341664,-0.384663,-0.007970
6.650000,-0.334151,-0.307555,0.017292
6.651000,-0.311976,-0.347275,0.008750
6.652000,-0.366123,-0.478817,-0.008446
6.653000,-0.320143,-0.317834,0.010394
6.654000,-0.336914,-0.302753,-0.003323
6.655000,-0.435429,-0.395780,-0.006380
6.656000,-0.353788,-0.368838,-0.001862
6.657000,-0.244544,-0.404690,-0.001460
6.658000,-0.360786,-0.384853,-0.006007
6.659000,-0.424348,-0.352493,-0.007640
6.660000,-0.354386,-0.350021,-0.018729
6.661000,-0.362055,-0.351409,-0.011232
6.662000,-0.415996,-0.394608,0.008583
6.663000,-0.359412,-0.328798,-0.008416
6.664000,-0.348640,-0.352488,0.005221
6.665000,-0.284861,-0.380825,0.009848
6.666000,-0.352911,-0.413273,0.008673
6.667000,-0.385373,-0.377600,0.006500
6.668000,-0.365502,-0.351427,-0.000668
6.669000,-0.358916,-0.330891,-0.010679
6.670000,-0.330658,-0.335213,0.002520
6.671000,-0.302627,-0.331938,-0.009408
6.672000,-0.343925,-0.342978,0.010747
6.673000,-0.248597,-0.345606,0.003729
6.674000,-0.341926,-0.446885,0.007003
6.675000,-0.407493,-0.422108,0.000850
6.676000,-0.326691,-0.362992,0.008909
6.677000,-0.278897,-0.305828,0.017323
6.678000,-0.374992,-0.330998,0.005298
6.679000,-0.388768,-0.369947,-0.000846
6.680000,-0.338566,-0.339252,-0.011707
6.681000,-0.320533,-0.334398,0.019000
6.682000,-0.343445,-0.348388,0.004386
6.683000,-0.304870,-0.300151,-0.003140
6.684000,-0.368208,-0.365073,0.007800
6.685000,-0.353100,-0.374635,-0.007128
6.686000,-0.340539,-0.373144,-0.019289
6.687000,-0.375259,-0.450528,0.006337
6.688000,-0.342109,-0.463456,0.001416
6.689000,-0.366221,-0.313824,-0.005001
6.690000,-0.330991,-0.454488,-0.009425
6.691000,-0.450103,-0.366596,0.006427
6.692000,-0.313148,-0.277674,0.009044
6.693000,-0.253528,-0.382350,0.004979
6.694000,-0.284276,-0.303509,0.004335
6.695000,-0.316621,-0.479862,0.009639
6.696000,-0.344201,-0.361103,0.002228
6.697000,-0.289418,-0.362883,-0.016778
6.698000,-0.355846,-0.343994,0.010141
6.699000,-0.392108,-0.462457,-0.019115
6.700000,-0.381093,-0.294472,0.002638
6.701000,-0.286176,-0.308304,0.011136
6.702000,-0.294197,-0.361639,-0.004127
6.703000,-0.353400,-0.340287,-0.003074
6.704000,-0.381092,-0.330758,0.025940
6.705000,-0.311018,-0.404107,-0.004097
6.706000,-0.313549,-0.323682,-0.008780
6.707000,-0.325826,-0.372608,0.005357
6.708000,-0.309873,-0.403439,-0.009109
6.709000,-0.227633,-0.389712,-0.004124
6.710000,-0.348773,-0.420487,0.015846
6.711000,-0.337440,-0.417110,-0.000447
6.712000,-0.349456,-0.355381,-0.000363
6.713000,-0.496469,-0.356677,-0.019355
6.714000,-0.334433,-0.356768,0.015809
6.715000,-0.343620,-0.264706,0.015324
6.716000,-0.313379,-0.410531,0.008664
6.717000,-0.279310,-0.292316,-0.009811
6.718000,-0.257952,-0.391548,0.000191
6.719000,-0.336415,-0.362123,0.013014
6.720000,-0.315908,-0.351512,0.007446
6.721000,-0.373937,-0.347488,0.006358
6.722000,-0.320186,-0.357516,-0.001804
6.723000,-0.337884,-0.321695,-0.020234
6.724000,-0.333792,-0.398838,0.004841
6.725000,-0.352149,-0.333723,-0.004745
6.726000,-0.370079,-0.323297,-0.004274
6.727000,-0.445622,-0.351570,0.010072
6.728000,-0.407476,-0.360273,-0.014322
6.729000,-0.374858,-0.350745,0.006335
6.730000,-0.343447,-0.388721,0.010205
6.731000,-0.271212,-0.380525,0.003685
6.732000,-0.353378,-0.356187,-0.008976
6.733000,-0.358350,-0.359906,-0.012431
6.734000,-0.362913,-0.377474,0.008654
6.735000,-0.419809,-0.358340,-0.004354
6.736000,-0.336700,-0.369662,0.003134
6.737000,-0.424580,-0.438051,0.013614
6.738000,-0.397413,-0.400170,0.004777
6.739000,-0.355361,-0.356189,0.011701
6.740000,-0.331280,-0.308202,-0.003492
6.741000,-0.306552,-0.304454,0.018382
6.742000,-0.395008,-0.316986,0.009597
6.743000,-0.397746,-0.450287,-0.008722
6.744000,-0.422535,-0.244811,0.004356
6.745000,-0.334059,-0.373331,0.002427
6.746000,-0.341364,-0.305814,0.001135
6.747000,-0.301572,-0.272837,-0.006755
6.748000,-0.354491,-0.318406,-0.005889
6.749000,-0.396575,-0.327862,-0.003762
6.750000,-0.267661,-0.297786,-0.006344
6.751000,-0.441603,-0.404005,0.004909
6.752000,-0.347242,-0.369391,-0.005296
6.753000,-0.360150,-0.361625,-0.012325
6.754000,-0.359393,-0.264540,-0.000836
6.755000,-0.318313,-0.363337,-0.003459
6.756000,-0.381729,-0.444681,-0.005344
6.757000,-0.316150,-0.368397,0.015814
6.758000,-0.309069,-0.311450,0.005821
6.759000,-0.327333,-0.328198,-0.010139
6.760000,-0.445309,-0.321425,-0.005321
6.761000,-0.342163,-0.481407,0.005700
6.762000,-0.402222,-0.304376,0.003677
6.763000,-0.369036,-0.310056,0.006953
6.764000,-0.357608,-0.393097,0.002610
6.765000,-0.387470,-0.283793,-0.007358
6.766000,-0.412270,-0.399636,0.008329
6.767000,-0.355965,-0.410926,-0.003090
6.768000,-0.408282,-0.331129,0.003185
6.769000,-0.375499,-0.350008,0.007069
6.770000,-0.318499,-0.304247,-0.008735
6.771000,-0.363909,-0.399149,0.010794
6.772000,-0.308632,-0.343766,-0.003100
6.773000,-0.415670,-0.322547,-0.001992
6.774000,-0.317196,-0.386701,-0.017513
6.775000,-0.350123,-0.363974,-0.012243
6.776000,-0.320514,-0.409664,0.008664
6.777000,-0.355345,-0.434989,0.006826
6.778000,-0.294117,-0.297178,0.011833
6.779000,-0.342105,-0.377965,0.003097
6.780000,-0.372705,-0.372976,-0.002373
6.781000,-0.317773,-0.340824,-0.020025
6.782000,-0.349891,-0.377631,-0.005222
6.783000,-0.362843,-0.342651,0.005356
6.784000,-0.394354,-0.295666,-0.009123
6.785000,-0.357360,-0.327902,-0.022345
6.786000,-0.413265,-0.315001,0.010862
6.787000,-0.351897,-0.387141,-0.002094
6.788000,-0.342041,-0.454414,-0.002648
6.789000,-0.364463,-0.280875,-0.005931
6.790000,-0.347345,-0.321504,-0.003045
6.791000,-0.289310,-0.426731,-0.009811
6.792000,-0.401859,-0.400443,-0.014869
6.793000,-0.294297,-0.382104,0.001871
6.794000,-0.377504,-0.337076,0.004466
6.795000,-0.385560,-0.295252,-0.021743
6.796000,-0.368031,-0.335285,0.017366
6.797000,-0.312335,-0.364136,-0.001553
6.798000,-0.346236,-0.340449,-0.000334
6.799000,-0.367826,-0.350180,0.009450
6.800000,-0.328685,-0.297105,0.005583
6.801000,-0.319095,-0.377992,0.000964
6.802000,-0.386614,-0.383600,0.003093
6.803000,-0.347830,-0.253470,-0.005042
6.804000,-0.315087,-0.316579,0.009831
6.805000,-0.337443,-0.444090,0.013299
6.806000,-0.349256,-0.446382,0.025649
6.807000,-0.305490,-0.326903,-0.007246
6.808000,-0.337142,-0.302977,0.001337
6.809000,-0.350844,-0.388756,-0.003165
6.810000,-0.331231,-0.325861,0.015786
6.811000,-0.301667,-0.408341,-0.016600
6.812000,-0.362981,-0.386643,0.004469
6.813000,-0.371244,-0.364899,0.000844
6.814000,-0.288895,-0.383589,-0.000913
6.815000,-0.328226,-0.381890,0.002149
6.816000,-0.341791,-0.338460,-0.012499
6.817000,-0.267227,-0.382942,0.021604
6.818000,-0.338748,-0.331117,-0.020841
6.819000,-0.329777,-0.411041,-0.001664
6.820000,-0.439723,-0.308614,0.019392
6.821000,-0.330177,-0.349545,0.007345
6.822000,-0.365442,-0.295929,0.007742
6.823000,-0.337890,-0.374581,0.001646
6.824000,-0.368272,-0.321226,-0.010763
6.825000,-0.352008,-0.270248,-0.000238
6.826000,-0.412628,-0.356421,0.003168
6.827000,-0.311951,-0.319226,0.018863
6.828000,-0.355899,-0.326837,-0.006089
6.829000,-0.273612,-0.310582,0.005497
6.830000,-0.340072,-0.316668,0.003441
6.831000,-0.429753,-0.404830,-0.000061
6.832000,-0.350453,-0.298257,0.006015
6.833000,-0.348805,-0.302363,-0.012237
6.834000,-0.371070,-0.334403,0.002966
6.835000,-0.369481,-0.371283,-0.001061
6.836000,-0.359205,-0.385212,-0.016194
6.837000,-0.355817,-0.365562,0.014471
6.838000,-0.344653,-0.359163,-0.006248
6.839000,-0.301851,-0.409146,0.017775
6.840000,-0.459169,-0.345886,0.004554
6.841000,-0.307170,-0.365979,0.008663
6.842000,-0.355409,-0.363154,0.003928
6.843000,-0.406975,-0.348045,0.012138
6.844000,-0.352007,-0.309697,-0.006526
6.845000,-0.263578,-0.408925,-0.012267
6.846000,-0.362232,-0.309292,0.011702
6.847000,-0.363729,-0.366978,0.010907
6.848000,-0.384204,-0.331292,-0.010574
6.849000,-0.361721,-0.411667,-0.016063
6.850000,-0.322488,-0.383439,-0.009628
6.851000,-0.321520,-0.378443,-0.008947
6.852000,-0.342366,-0.299914,0.009388
6.853000,-0.460429,-0.296415,0.006007
6.854000,-0.333682,-0.372067,-0.008417
6.855000,-0.308088,-0.368095,-0.001652
6.856000,-0.300836,-0.339930,0.005377
6.857000,-0.361195,-0.354841,-0.001245
6.858000,-0.390095,-0.363160,-0.004692
6.859000,-0.412107,-0.334679,-0.008404
6.860000,-0.356857,-0.325607,-0.017597
6.861000,-0.297765,-0.261148,0.004447
6.862000,-0.343491,-0.323897,-0.001122
6.863000,-0.299710,-0.390673,-0.000398
6.864000,-0.401572,-0.318120,-0.001070
6.865000,-0.356875,-0.418334,0.008769
6.866000,-0.330433,-0.373951,0.005804
6.867000,-0.360438,-0.339253,0.009391
6.868000,-0.284285,-0.438523,-0.010828
6.869000,-0.411120,-0.418827,-0.011300
6.870000,-0.412472,-0.338786,-0.006363
6.871000,-0.334631,-0.354323,-0.014989
6.872000,-0.343198,-0.372108,-0.006664
6.873000,-0.342587,-0.392775,0.004353
6.874000,-0.320574,-0.424910,-0.006989
6.875000,-0.436225,-0.411985,-0.000268
6.876000,-0.410236,-0.313602,-0.012742
6.877000,-0.211180,-0.362994,0.001889
6.878000,-0.367220,-0.393380,0.012145
6.879000,-0.281741,-0.364209,-0.003268
6.880000,-0.384070,-0.406505,0.001601
6.881000,-0.427150,-0.403932,-0.002831
6.882000,-0.350263,-0.369948,-0.004975
6.883000,-0.329394,-0.342283,0.001426
6.884000,-0.343366,-0.419568,0.020691
6.885000,-0.371680,-0.328465,0.000607
6.886000,-0.325905,-0.415812,0.001252
6.887000,-0.403527,-0.410637,-0.009936
6.888000,-0.401056,-0.382136,0.002716
6.889000,-0.328515,-0.317562,0.012818
6.890000,-0.270501,-0.375682,0.001032
6.891000,-0.381925,-0.294550,0.008802
6.892000,-0.297633,-0.385715,0.003768
6.893000,-0.384212,-0.362373,0.010163
6.894000,-0.351354,-0.347554,-0.002675
6.895000,-0.409329,-0.385214,-0.013642
6.896000,-0.328791,-0.362095,0.003321
6.897000,-0.464300,-0.404184,0.028581
6.898000,-0.355727,-0.364143,-0.003479
6.899000,-0.269644,-0.395906,-0.006663
6.900000,-0.303483,-0.351055,0.005927
6.901000,-0.290110,-0.337511,-0.009745
6.902000,-0.312382,-0.358228,-0.004652
6.903000,-0.365636,-0.324880,-0.000030
6.904000,-0.283029,-0.398730,-0.003068
6.905000,-0.267882,-0.331480,-0.014313
6.906000,-0.333705,-0.428724,0.001731
6.907000,-0.364912,-0.362264,-0.004804
6.908000,-0.439124,-0.342234,0.014170
6.909000,-0.346041,-0.323231,-0.002274
6.910000,-0.344320,-0.336160,0.009087
6.911000,-0.386560,-0.307294,-0.012738
6.912000,-0.329277,-0.368988,-0.004466
6.913000,-0.377135,-0.343976,-0.022309
6.914000,-0.402956,-0.442570,-0.002507
6.915000,-0.365298,-0.248509,0.000219
6.916000,-0.344807,-0.381336,0.012738
6.917000,-0.327273,-0.322135,0.011729
6.918000,-0.255993,-0.333392,0.003450
6.919000,-0.294895,-0.413130,-0.002960
6.920000,-0.253286,-0.429355,0.005398
6.921000,-0.337376,-0.342257,0.004873
6.922000,-0.292915,-0.378296,-0.009971
6.923000,-0.413287,-0.314163,-0.016674
6.924000,-0.400248,-0.258774,-0.001051
6.925000,-0.356111,-0.325376,0.009511
6.926000,-0.385507,-0.378938,-0.013149
6.927000,-0.374798,-0.395229,0.001657
6.928000,-0.296757,-0.332281,-0.011858
6.929000,-0.319361,-0.310762,0.008779
6.930000,-0.275887,-0.415367,0.005354
6.931000,-0.302031,-0.365088,0.001112
6.932000,-0.323991,-0.353538,0.013927
6.933000,-0.341513,-0.422298,0.003854
6.934000,-0.298201,-0.499465,-0.013151
6.935000,-0.315359,-0.330776,-0.005467
6.936000,-0.331783,-0.276474,-0.010669
6.937000,-0.302613,-0.385020,-0.007016
6.938000,-0.433866,-0.370531,-0.001080
6.939000,-0.347864,-0.325779,0.014703
6.940000,-0.367564,-0.292919,-0.004610
6.941000,-0.381110,-0.383364,-0.008093
6.942000,-0.355891,-0.353749,0.019267
6.943000,-0.291456,-0.309037,-0.002968
6.944000,-0.348102,-0.329136,0.010945
6.945000,-0.380900,-0.429531,0.010342
6.946000,-0.358362,-0.392507,-0.012093
6.947000,-0.293304,-0.254569,0.000108
6.948000,-0.360575,-0.315231,0.011415
6.949000,-0.289660,-0.363720,-0.002723
6.950000,-0.392447,-0.301729,-0.010507
6.951000,-0.323418,-0.308244,0.005886
6.952000,-0.389691,-0.342196,0.014086
6.953000,-0.373522,-0.265628,-0.003699
6.954000,-0.331099,-0.391480,0.008561
6.955000,-0.387101,-0.332511,0.007431
6.956000,-0.358900,-0.408578,-0.012077
6.957000,-0.347793,-0.370823,0.015568
6.958000,-0.495669,-0.266629,0.007025
6.959000,-0.356584,-0.312784,0.002430
6.960000,-0.426660,-0.340446,0.010056
6.961000,-0.357229,-0.379728,-0.002688
6.962000,-0.400819,-0.388159,-0.021912
6.963000,-0.338461,-0.281931,-0.014097
6.964000,-0.338442,-0.347452,-0.000563
6.965000,-0.285020,-0.379913,0.003926
6.966000,-0.403139,-0.324261,0.010362
6.967000,-0.344992,-0.312767,0.004848
6.968000,-0.292422,-0.384392,0.009361
6.969000,-0.260278,-0.455376,0.020283
6.970000,-0.253359,-0.420074,-0.003185
6.971000,-0.370846,-0.304276,-0.006935
6.972000,-0.292437,-0.376324,0.003606
6.973000,-0.272564,-0.367556,-0.019927
6.974000,-0.393573,-0.325744,-0.002716
6.975000,-0.397700,-0.318897,0.020570
6.976000,-0.384374,-0.342775,0.000226
6.977000,-0.291588,-0.251017,0.007337
6.978000,-0.313440,-0.451109,0.001732
6.979000,-0.367594,-0.341115,0.011655
6.980000,-0.319050,-0.285206,0.026468
6.981000,-0.275917,-0.367962,0.001404
6.982000,-0.317693,-0.381909,0.026436
6.983000,-0.308679,-0.392851,-0.021857
6.984000,-0.309433,-0.307318,-0.000071
6.985000,-0.365720,-0.338538,-0.015862
6.986000,-0.396507,-0.435983,0.011148
6.987000,-0.403079,-0.388674,-0.002744
6.988000,-0.325199,-0.337420,0.004412
6.989000,-0.398767,-0.320608,0.011615
6.990000,-0.372222,-0.365380,-0.010464
6.991000,-0.379862,-0.412853,-0.014903
6.992000,-0.368798,-0.340365,0.005303
6.993000,-0.455843,-0.291596,0.016447
6.994000,-0.407259,-0.250738,-0.002006
6.995000,-0.361023,-0.341365,0.008264
6.996000,-0.341579,-0.298605,-0.010497
6.997000,-0.343576,-0.423478,-0.011324
6.998000,-0.374354,-0.383838,0.008396
6.999000,-0.374628,-0.306703,-0.006573
7.000000,-0.268650,-0.370397,0.024460
7.001000,-0.409775,-0.223796,0.006282
7.002000,-0.387707,-0.316782,0.003064
7.003000,-0.361848,-0.377616,-0.006317
7.004000,-0.301743,-0.378764,-0.003863
7.005000,-0.336710,-0.418451,-0.002134
7.006000,-0.321804,-0.362342,0.002019
7.007000,-0.451299,-0.408847,-0.013368
7.008000,-0.345188,-0.363059,0.000311
7.009000,-0.238223,-0.382213,0.000294
7.010000,-0.331131,-0.330227,0.005900
7.011000,-0.334899,-0.380288,-0.007369
7.012000,-0.354505,-0.354481,-0.011701
7.013000,-0.347054,-0.370037,-0.003043
7.014000,-0.305281,-0.361231,0.000644
7.015000,-0.328835,-0.419711,-0.006748
7.016000,-0.322755,-0.364232,-0.006989
7.017000,-0.292199,-0.326447,-0.011579
7.018000,-0.320453,-0.345338,-0.006832
7.019000,-0.345204,-0.320775,0.002109
7.020000,-0.332683,-0.323173,0.008019
7.021000,-0.349219,-0.414415,0.004014
7.022000,-0.311374,-0.358658,-0.009839
7.023000,-0.327255,-0.312043,-0.002657
7.024000,-0.325388,-0.334628,0.022563
7.025000,-0.357314,-0.305183,-0.010157
7.026000,-0.388608,-0.351113,0.002345
7.027000,-0.411100,-0.343798,-0.013731
7.028000,-0.278061,-0.368702,0.016421
7.029000,-0.448989,-0.298104,0.008244
7.030000,-0.321121,-0.365486,-0.008969
7.031000,-0.358568,-0.363837,0.009773
7.032000,-0.335776,-0.360946,0.004999
7.033000,-0.403088,-0.360205,0.000429
7.034000,-0.391914,-0.295707,-0.002398
7.035000,-0.432091,-0.396769,0.017132
7.036000,-0.353268,-0.284794,-0.010895
7.037000,-0.395442,-0.358191,0.014817
7.038000,-0.335641,-0.365478,-0.011301
7.039000,-0.345675,-0.352014,0.000471
7.040000,-0.346063,-0.271302,0.008613
7.041000,-0.345175,-0.340523,-0.003115
7.042000,-0.349827,-0.349841,0.000952
7.043000,-0.411532,-0.344689,-0.012201
7.044000,-0.311729,-0.283066,0.006769
7.045000,-0.343542,-0.417613,0.011511
7.046000,-0.340146,-0.434415,0.011633
7.047000,-0.334494,-0.308439,-0.006356
7.048000,-0.439743,-0.291699,-0.010642
7.049000,-0.399980,-0.308654,0.001430
7.050000,-0.374164,-0.365389,-0.005959
7.051000,-0.291036,-0.423595,0.022631
7.052000,-0.401049,-0.310508,-0.001721
7.053000,-0.378975,-0.348876,0.007042
7.054000,-0.352867,-0.383030,0.006099
7.055000,-0.338040,-0.319555,-0.000771
7.056000,-0.316014,-0.403187,-0.003310
7.057000,-0.349053,-0.352902,-0.010563
7.058000,-0.276787,-0.339065,-0.009071
7.059000,-0.381132,-0.297199,-0.002623
7.060000,-0.280498,-0.340789,0.011467
7.061000,-0.299826,-0.284408,0.010510
7.062000,-0.319591,-0.417553,0.019864
7.063000,-0.360568,-0.331363,0.003174
7.064000,-0.332230,-0.379155,-0.003538
7.065000,-0.334703,-0.377753,0.006906
7.066000,-0.355976,-0.346413,0.005248
7.067000,-0.308229,-0.349565,0.004644
7.068000,-0.387615,-0.385001,-0.003091
7.069000,-0.299174,-0.414513,-0.027148
7.070000,-0.323973,-0.326527,-0.009096
7.071000,-0.379346,-0.305735,0.000502
7.072000,-0.358745,-0.286107,-0.004615
7.073000,-0.276601,-0.343319,-0.000879
7.074000,-0.444482,-0.378159,0.003166
7.075000,-0.451480,-0.343646,-0.002494
7.076000,-0.348181,-0.397119,-0.000480
7.077000,-0.434874,-0.426243,-0.007092
7.078000,-0.391477,-0.381192,0.004782
7.079000,-0.429320,-0.333902,-0.000074
7.080000,-0.377714,-0.339377,-0.003804
7.081000,-0.406683,-0.319569,-0.004428
7.082000,-0.323298,-0.362449,-0.012267
7.083000,-0.297643,-0.366433,0.005001
7.084000,-0.407367,-0.353534,-0.006615
7.085000,-0.338018,-0.394652,0.006541
7.086000,-0.389666,-0.284247,-0.002283
7.087000,-0.339940,-0.398046,0.006496
7.088000,-0.334415,-0.357945,-0.002496
7.089000,-0.444815,-0.302548,0.007418
7.090000,-0.348945,-0.352807,-0.004870
7.091000,-0.354938,-0.319390,-0.010264
7.092000,-0.464535,-0.434854,0.015327
7.093000,-0.320795,-0.375274,-0.004263
7.094000,-0.306312,-0.310837,-0.008101
7.095000,-0.288116,-0.353045,-0.011036
7.096000,-0.384347,-0.320842,-0.005935
7.097000,-0.367745,-0.307369,0.009374
7.098000,-0.330360,-0.315869,0.015117
7.099000,-0.325730,-0.381195,0.002264
7.100000,-0.306190,-0.367546,0.004611
7.101000,-0.398148,-0.370181,0.008457
7.102000,-0.298974,-0.480436,-0.004575
7.103000,-0.361959,-0.391094,0.015048
7.104000,-0.311565,-0.367475,-0.001967
7.105000,-0.307790,-0.382561,-0.000446
7.106000,-0.288972,-0.352579,-0.002656
7.107000,-0.409685,-0.383603,0.007587
7.108000,-0.325034,-0.264519,0.009549
7.109000,-0.413476,-0.396768,0.006097
7.110000,-0.306298,-0.405215,-0.002232
7.111000,-0.372695,-0.413009,0.000490
7.112000,-0.367224,-0.314994,0.026345
7.113000,-0.339040,-0.429891,0.009934
7.114000,-0.326822,-0.392438,-0.009647
7.115000,-0.324794,-0.385333,0.019124
7.116000,-0.320807,-0.318546,0.001584
7.117000,-0.352313,-0.331278,0.016940
7.118000,-0.297514,-0.337475,0.009546
7.119000,-0.340698,-0.357308,0.000888
7.120000,-0.413785,-0.333350,-0.002879
7.121000,-0.363506,-0.379331,0.000082
7.122000,-0.386392,-0.338766,-0.003322
7.123000,-0.342239,-0.334037,0.005567
7.124000,-0.317264,-0.342824,-0.004991
7.125000,-0.303762,-0.365722,0.015654
7.126000,-0.274334,-0.373460,-0.002996
7.127000,-0.332617,-0.331622,-0.014257
7.128000,-0.296289,-0.362771,0.015089
7.129000,-0.323375,-0.281172,0.016270
7.130000,-0.289838,-0.326532,-0.012935
7.131000,-0.357772,-0.454928,0.015462
7.132000,-0.265158,-0.393611,-0.005742
7.133000,-0.330105,-0.405355,0.018226
7.134000,-0.377247,-0.368820,-0.005997
7.135000,-0.291199,-0.364700,0.014846
7.136000,-0.405050,-0.344123,0.015220
7.137000,-0.345275,-0.330271,0.001949
7.138000,-0.344912,-0.281734,-0.011231
7.139000,-0.341176,-0.365589,-0.012410
7.140000,-0.348173,-0.353587,-0.008059
7.141000,-0.395082,-0.326110,0.011661
7.142000,-0.379904,-0.344429,0.006826
7.143000,-0.268664,-0.381902,-0.012657
7.144000,-0.429348,-0.347959,0.008644
7.145000,-0.303736,-0.334070,-0.006345
7.146000,-0.257572,-0.335419,0.007769
7.147000,-0.367763,-0.351654,-0.018323
7.148000,-0.257624,-0.398095,-0.013429
7.149000,-0.332394,-0.383554,-0.003573
7.150000,-0.321632,-0.313276,0.001933
7.151000,-0.240555,-0.318641,0.013460
7.152000,-0.302895,-0.408658,0.007063
7.153000,-0.338419,-0.333580,0.011922
7.154000,-0.349584,-0.214907,0.012703
7.155000,-0.322668,-0.347183,0.017725
7.156000,-0.386914,-0.362633,0.001964
7.157000,-0.310391,-0.392687,-0.011495
7.158000,-0.444752,-0.374115,0.014921
7.159000,-0.344384,-0.378715,0.007674
7.160000,-0.271084,-0.313567,-0.001916
7.161000,-0.370882,-0.437818,0.014255
7.162000,-0.394961,-0.341088,-0.005160
7.163000,-0.408669,-0.323517,0.024159
7.164000,-0.345478,-0.355828,0.008719
7.165000,-0.419629,-0.326593,-0.000666
7.166000,-0.303182,-0.292456,-0.012772
7.167000,-0.321526,-0.339971,-0.021762
7.168000,-0.400517,-0.356304,0.004676
7.169000,-0.240430,-0.422903,0.008263
7.170000,-0.352133,-0.370271,-0.018452
7.171000,-0.284684,-0.360067,-0.002377
7.172000,-0.347097,-0.362335,-0.003060
7.173000,-0.353837,-0.367588,0.001834
7.174000,-0.369692,-0.377339,-0.008516
7.175000,-0.349206,-0.372069,-0.003072
7.176000,-0.318492,-0.418121,0.002145
7.177000,-0.386150,-0.264916,0.007064
7.178000,-0.357207,-0.289462,0.007675
7.179000,-0.387077,-0.355689,-0.011865
7.180000,-0.392043,-0.337454,-0.015751
7.181000,-0.271546,-0.331778,-0.008881
7.182000,-0.300361,-0.283159,0.000313
7.183000,-0.300987,-0.335519,-0.013870
7.184000,-0.404408,-0.288103,0.003717
7.185000,-0.392369,-0.323816,-0.002167
7.186000,-0.363521,-0.349268,-0.007056
7.187000,-0.364736,-0.414097,-0.008098
7.188000,-0.333893,-0.303980,0.002690
7.189000,-0.287763,-0.349852,-0.014963
7.190000,-0.349156,-0.447524,-0.005004
7.191000,-0.434647,-0.373909,-0.002321
7.192000,-0.407580,-0.400998,-0.011971
7.193000,-0.320965,-0.388136,-0.005963
7.194000,-0.384682,-0.272634,-0.014707
7.195000,-0.396252,-0.335835,0.017967
7.196000,-0.340535,-0.407885,0.001111
7.197000,-0.324170,-0.347965,0.013162
7.198000,-0.331505,-0.372057,0.012834
7.199000,-0.304495,-0.451926,-0.011979
7.200000,-0.414337,-0.372848,-0.011703
7.201000,-0.434773,-0.377065,0.007239
7.202000,-0.317831,-0.372394,0.015432
7.203000,-0.340983,-0.337719,0.009971
7.204000,-0.355881,-0.496448,0.003862
7.205000,-0.366166,-0.336897,0.012537
7.206000,-0.449782,-0.378724,0.007837
7.207000,-0.363040,-0.309064,-0.020388
7.208000,-0.323657,-0.318876,-0.011490
7.209000,-0.335021,-0.448729,0.001011
7.210000,-0.339686,-0.414882,0.004415
7.211000,-0.361571,-0.422204,0.004413
7.212000,-0.357876,-0.371602,-0.014754
7.213000,-0.452499,-0.370175,0.009596
7.214000,-0.279865,-0.336674,0.006658
7.215000,-0.350801,-0.368833,-0.012908
7.216000,-0.375582,-0.329711,-0.000198
7.217000,-0.409195,-0.450158,-0.004588
7.218000,-0.349718,-0.348407,-0.005162
7.219000,-0.398927,-0.383863,-0.012887
7.220000,-0.424066,-0.392789,0.005297
7.221000,-0.282774,-0.358463,0.000861
7.222000,-0.423852,-0.430379,0.005678
7.223000,-0.309923,-0.293569,0.013033
7.224000,-0.259137,-0.323773,-0.008544
7.225000,-0.325579,-0.344377,0.003375
7.226000,-0.392438,-0.268906,-0.001671
7.227000,-0.418570,-0.389895,0.004478
7.228000,-0.454721,-0.358185,0.008340
7.229000,-0.361766,-0.358235,-0.009422
7.230000,-0.369675,-0.357811,0.007495
7.231000,-0.355903,-0.363199,0.000450
7.232000,-0.294724,-0.340391,-0.009195
7.233000,-0.278632,-0.407932,0.006269
7.234000,-0.300975,-0.306417,-0.006467
7.235000,-0.310761,-0.383528,0.007078
7.236000,-0.292659,-0.277926,0.005006
7.237000,-0.375939,-0.350968,-0.013227
7.238000,-0.386746,-0.351930,0.012021
7.239000,-0.277452,-0.341619,0.011715
7.240000,-0.208069,-0.445070,0.017188
7.241000,-0.339787,-0.314089,-0.015866
7.242000,-0.297762,-0.414444,-0.024103
7.243000,-0.313965,-0.370589,0.001666
7.244000,-0.409330,-0.417554,-0.002483
7.245000,-0.245388,-0.406404,-0.000820
7.246000,-0.309860,-0.285019,-0.001567
7.247000,-0.335624,-0.402673,-0.007972
7.248000,-0.285788,-0.346581,0.011544
7.249000,-0.403663,-0.342591,0.014441
7.250000,-0.268814,-0.352611,-0.012057
7.251000,-0.414418,-0.411624,0.001757
7.252000,-0.299997,-0.430186,-0.010266
7.253000,-0.373010,-0.335939,-0.007628
7.254000,-0.327259,-0.328521,0.002485
7.255000,-0.303630,-0.359642,0.001616
7.256000,-0.353999,-0.346232,0.004705
7.257000,-0.273643,-0.409939,0.010660
7.258000,-0.365229,-0.305787,0.012978
7.259000,-0.354569,-0.425091,0.000156
7.260000,-0.342329,-0.323811,0.008999
7.261000,-0.343375,-0.321449,-0.014914
7.262000,-0.282948,-0.339606,-0.005533
7.263000,-0.336672,-0.386069,-0.005324
7.264000,-0.397795,-0.427337,0.007008
7.265000,-0.339039,-0.272226,0.011798
7.266000,-0.412049,-0.405240,-0.004002
7.267000,-0.315532,-0.353915,-0.001580
7.268000,-0.333824,-0.321149,0.004354
7.269000,-0.343035,-0.361227,-0.014779
7.270000,-0.404785,-0.348341,-0.013292
7.271000,-0.332593,-0.336706,-0.001351
7.272000,-0.368505,-0.306602,-0.007035
7.273000,-0.331771,-0.311092,-0.006578
7.274000,-0.346187,-0.355313,-0.015891
7.275000,-0.358629,-0.336983,-0.007442
7.276000,-0.408044,-0.432126,-0.005992
7.277000,-0.427850,-0.368685,0.012823
7.278000,-0.312104,-0.302209,0.005024
7.279000,-0.226752,-0.427322,0.007016
7.280000,-0.385922,-0.313609,-0.003520
7.281000,-0.424836,-0.334159,0.009009
7.282000,-0.454292,-0.345677,0.004864
7.283000,-0.260727,-0.426333,0.005397
7.284000,-0.370328,-0.339046,-0.012337
7.285000,-0.384954,-0.402756,-0.011788
7.286000,-0.439363,-0.263611,-0.020799
7.287000,-0.366578,-0.353965,-0.011202
7.288000,-0.387240,-0.358838,0.005926
7.289000,-0.312031,-0.386073,0.006956
7.290000,-0.373179,-0.298647,-0.001810
7.291000,-0.353976,-0.382183,0.002761
7.292000,-0.298408,-0.303078,0.002119
7.293000,-0.296573,-0.410995,0.003630
7.294000,-0.463176,-0.421120,0.005363
7.295000,-0.370656,-0.384762,-0.011783
7.296000,-0.265390,-0.339634,0.000857
7.297000,-0.397392,-0.316353,-0.018160
7.298000,-0.362831,-0.422445,-0.014125
7.299000,-0.326098,-0.438927,-0.005869
7.300000,-0.287297,-0.364670,-0.001108
7.301000,-0.365392,-0.346276,-0.010104
7.302000,-0.360594,-0.329876,-0.029618
7.303000,-0.370025,-0.316515,-0.008671
7.304000,-0.357767,-0.368011,-0.006564
7.305000,-0.338946,-0.401894,-0.000830
7.306000,-0.298488,-0.337173,0.012322
7.307000,-0.326456,-0.452747,0.021645
7.308000,-0.343388,-0.423835,0.009262
7.309000,-0.272652,-0.349651,0.007578
7.310000,-0.396087,-0.362201,-0.019628
7.311000,-0.362887,-0.290228,-0.003829
7.312000,-0.369742,-0.342847,-0.012577
7.313000,-0.387407,-0.312536,0.021220
7.314000,-0.334044,-0.420234,-0.006085
7.315000,-0.379277,-0.277469,0.010807
7.316000,-0.374162,-0.366498,-0.016100
7.317000,-0.381926,-0.404217,-0.001424
7.318000,-0.392411,-0.424091,-0.005348
7.319000,-0.350035,-0.334525,-0.013504
7.320000,-0.451469,-0.351185,-0.012891
7.321000,-0.297480,-0.346260,-0.000584
7.322000,-0.310664,-0.323983,0.007737
7.323000,-0.309069,-0.322917,0.010137
7.324000,-0.396708,-0.317444,0.000957
7.325000,-0.311322,-0.377216,-0.014195
7.326000,-0.308278,-0.414175,-0.008588
7.327000,-0.380349,-0.288173,0.004530
7.328000,-0.296381,-0.343848,-0.013373
7.329000,-0.332482,-0.305970,-0.013309
7.330000,-0.244761,-0.476134,0.003388
7.331000,-0.307798,-0.437438,0.005965
7.332000,-0.419709,-0.331592,0.001914
7.333000,-0.436942,-0.410901,-0.017256
7.334000,-0.314742,-0.334210,-0.010205
7.335000,-0.400276,-0.353140,-0.010702
7.336000,-0.312155,-0.383256,-0.007555
7.337000,-0.392906,-0.410189,-0.010123
7.338000,-0.352174,-0.414634,-0.001972
7.339000,-0.384939,-0.315889,0.002654
7.340000,-0.380175,-0.360500,0.008503
7.341000,-0.355421,-0.377911,0.010724
7.342000,-0.249273,-0.325514,0.004601
7.343000,-0.332306,-0.348921,0.014301
7.344000,-0.354872,-0.345414,-0.024750
7.345000,-0.265363,-0.309306,0.009220
7.346000,-0.433534,-0.291348,-0.003850
7.347000,-0.352217,-0.294119,0.003330
7.348000,-0.311621,-0.393900,-0.003128
7.349000,-0.343260,-0.333675,-0.004892
7.350000,-0.265495,-0.372591,-0.006539
7.351000,-0.379768,-0.394942,-0.000608
7.352000,-0.288214,-0.367690,-0.005986
7.353000,-0.248896,-0.272797,-0.001199
7.354000,-0.429524,-0.316194,0.017585
7.355000,-0.372800,-0.328859,0.002841
7.356000,-0.321317,-0.328123,0.002301
7.357000,-0.294752,-0.407944,-0.017139
7.358000,-0.417038,-0.270208,-0.010431
7.359000,-0.294043,-0.304069,0.018542
7.360000,-0.381627,-0.418629,0.001233
7.361000,-0.293164,-0.280757,-0.004107
7.362000,-0.345017,-0.346213,-0.003957
7.363000,-0.356310,-0.456505,-0.008206
7.364000,-0.383434,-0.415434,0.007170
7.365000,-0.349206,-0.349487,0.003881
7.366000,-0.301972,-0.418834,0.008378
7.367000,-0.330320,-0.362716,-0.012389
7.368000,-0.420372,-0.400104,0.011084
7.369000,-0.340530,-0.348439,0.008007
7.370000,-0.387574,-0.323793,-0.000181
7.371000,-0.319359,-0.303554,0.011459
7.372000,-0.400792,-0.384287,-0.013228
7.373000,-0.433385,-0.434857,0.001335
7.374000,-0.291798,-0.388238,-0.009614
7.375000,-0.325458,-0.417334,0.020820
7.376000,-0.333466,-0.369847,-0.005216
7.377000,-0.389030,-0.422155,-0.004606
7.378000,-0.256629,-0.393146,0.014316
7.379000,-0.300681,-0.370135,0.007604
7.380000,-0.419845,-0.349424,0.012473
7.381000,-0.325981,-0.345805,-0.006150
7.382000,-0.399025,-0.354483,0.032965
7.383000,-0.323245,-0.420880,-0.008663
7.384000,-0.314911,-0.325078,-0.017415
7.385000,-0.484237,-0.280163,-0.003100
7.386000,-0.322115,-0.353899,0.013778
7.387000,-0.364063,-0.282762,-0.003194
7.388000,-0.408043,-0.389157,-0.013832
7.389000,-0.291246,-0.285905,0.014070
7.390000,-0.392396,-0.332861,0.011849
7.391000,-0.294528,-0.310692,-0.000652
7.392000,-0.345921,-0.359426,0.016568
7.393000,-0.349621,-0.326337,-0.004096
7.394000,-0.308900,-0.455982,0.012912
7.395000,-0.280717,-0.309967,0.010875
7.396000,-0.311880,-0.363554,-0.002416
7.397000,-0.355327,-0.332967,-0.004035
7.398000,-0.393476,-0.340060,0.001913
7.399000,-0.300547,-0.406660,0.012779
7.400000,-0.271070,-0.307013,-0.006708
7.401000,-0.375608,-0.383288,-0.006052
7.402000,-0.378980,-0.337469,0.005904
7.403000,-0.343666,-0.355970,0.019762
7.404000,-0.311778,-0.343483,-0.007488
7.405000,-0.321493,-0.339862,-0.003719
7.406000,-0.317465,-0.438143,0.007580
7.407000,-0.319169,-0.382997,0.000342
7.408000,-0.336392,-0.299641,0.001893
7.409000,-0.391151,-0.321036,-0.005529
7.410000,-0.380323,-0.385928,-0.005091
7.411000,-0.361890,-0.329654,0.013867
7.412000,-0.416462,-0.291106,0.003194
7.413000,-0.384608,-0.327487,0.001947
7.414000,-0.296419,-0.422827,0.003477
7.415000,-0.386154,-0.283120,-0.002803
7.416000,-0.356890,-0.344144,-0.001196
7.417000,-0.379655,-0.245849,-0.010174
7.418000,-0.328831,-0.462839,-0.000461
7.419000,-0.289663,-0.387828,0.000747
7.420000,-0.319981,-0.376533,0.011248
7.421000,-0.348092,-0.356804,0.007280
7.422000,-0.349098,-0.314645,-0.011803
7.423000,-0.295461,-0.297387,0.007647
7.424000,-0.371393,-0.274275,0.002621
7.425000,-0.331835,-0.364137,0.017406
7.426000,-0.402534,-0.344035,-0.007381
7.427000,-0.370034,-0.271297,0.007923
7.428000,-0.340562,-0.358282,-0.003278
7.429000,-0.317093,-0.408400,0.000299
7.430000,-0.323036,-0.341529,-0.005758
7.431000,-0.428001,-0.375009,-0.000045
7.432000,-0.358054,-0.415495,0.004133
7.433000,-0.352647,-0.353365,0.004039
7.434000,-0.334084,-0.349356,0.001519
7.435000,-0.295518,-0.414718,0.007377
7.436000,-0.340795,-0.361384,0.001204
7.437000,-0.366193,-0.372313,0.000829
7.438000,-0.379488,-0.416501,-0.003609
7.439000,-0.312728,-0.383525,0.009620
7.440000,-0.285298,-0.336922,-0.000393
7.441000,-0.350927,-0.302048,-0.014034
7.442000,-0.367647,-0.387669,0.001393
7.443000,-0.365142,-0.331359,-0.002237
7.444000,-0.348672,-0.365971,0.006251
7.445000,-0.342190,-0.247891,0.008444
7.446000,-0.386583,-0.341196,-0.014401
7.447000,-0.437029,-0.351014,-0.001046
7.448000,-0.388877,-0.280894,0.008080
7.449000,-0.281780,-0.291130,0.009981
7.450000,-0.301356,-0.350534,0.008469
7.451000,-0.339112,-0.361595,0.016368
7.452000,-0.356704,-0.362379,0.010080
7.453000,-0.353350,-0.333991,-0.004233
7.454000,-0.349931,-0.384242,0.003567
7.455000,-0.329368,-0.219461,0.007157
7.456000,-0.333993,-0.231483,0.010088
7.457000,-0.298069,-0.315342,0.002846
7.458000,-0.360073,-0.375927,-0.007153
7.459000,-0.403234,-0.341019,0.001138
7.460000,-0.346519,-0.394407,-0.002483
7.461000,-0.317338,-0.331744,0.004264
7.462000,-0.334872,-0.332502,-0.019443
7.463000,-0.262165,-0.350794,-0.005621
7.464000,-0.352165,-0.394098,0.005098
7.465000,-0.389990,-0.363699,0.005082
7.466000,-0.366688,-0.307018,-0.005407
7.467000,-0.268208,-0.396690,-0.006709
7.468000,-0.311973,-0.357540,-0.010563
7.469000,-0.352065,-0.367181,0.016440
7.470000,-0.356190,-0.419731,-0.006658
7.471000,-0.309250,-0.425051,0.004261
7.472000,-0.414378,-0.424787,0.000693
7.473000,-0.279927,-0.420629,-0.004341
7.474000,-0.325183,-0.311496,0.001146
7.475000,-0.301271,-0.352267,-0.008921
7.476000,-0.328237,-0.317573,0.009323
7.477000,-0.359542,-0.403349,0.016832
7.478000,-0.357034,-0.280103,-0.004516
7.479000,-0.330993,-0.336625,-0.019728
7.480000,-0.412876,-0.363103,-0.007314
7.481000,-0.328680,-0.367141,0.017379
7.482000,-0.372378,-0.332924,0.009016
7.483000,-0.406853,-0.307159,0.017273
7.484000,-0.328876,-0.470468,0.008881
7.485000,-0.369794,-0.371740,-0.014560
7.486000,-0.379729,-0.307882,-0.004910
7.487000,-0.416798,-0.424604,0.009281
7.488000,-0.303715,-0.400231,0.012673
7.489000,-0.398239,-0.340940,0.005543
7.490000,-0.282278,-0.400156,-0.017323
7.491000,-0.280189,-0.345994,0.003790
7.492000,-0.375168,-0.354400,-0.013883
7.493000,-0.330759,-0.254147,-0.009890
7.494000,-0.350212,-0.417193,0.001264
7.495000,-0.311802,-0.323115,-0.003017
7.496000,-0.400613,-0.375126,-0.013417
7.497000,-0.318583,-0.278240,0.002865
7.498000,-0.393674,-0.322740,-0.003216
7.499000,-0.298085,-0.400034,-0.010599
7.500000,-0.347342,-0.437136,0.000931
7.501000,-0.366485,-0.282712,0.011277
7.502000,-0.373586,-0.407298,0.017128
7.503000,-0.289307,-0.389327,-0.000634
7.504000,-0.359360,-0.355992,0.017931
7.505000,-0.336150,-0.403521,0.001590
7.506000,-0.375938,-0.353690,0.000435
7.507000,-0.352032,-0.311065,0.006996
7.508000,-0.395677,-0.334043,-0.014874
7.509000,-0.372719,-0.382659,-0.001890
7.510000,-0.355242,-0.419042,0.020548
7.511000,-0.261023,-0.312202,-0.001323
7.512000,-0.322097,-0.283595,0.002224
7.513000,-0.397526,-0.331777,0.013124
7.514000,-0.307618,-0.424382,0.014136
7.515000,-0.351871,-0.414083,0.010031
7.516000,-0.374887,-0.319356,0.005653
7.517000,-0.363426,-0.338979,0.003454
7.518000,-0.264619,-0.397601,-0.018189
7.519000,-0.401032,-0.312131,0.000715
7.520000,-0.397914,-0.383018,-0.016159
7.521000,-0.475349,-0.307259,0.009126
7.522000,-0.361797,-0.402392,-0.002905
7.523000,-0.298500,-0.395749,-0.007524
7.524000,-0.370845,-0.400986,0.005462
7.525000,-0.369640,-0.388544,0.011920
7.526000,-0.234585,-0.334848,0.007245
7.527000,-0.321375,-0.357070,-0.002338
7.528000,-0.408635,-0.315659,-0.007260
7.529000,-0.363649,-0.426437,-0.008627
7.530000,-0.319277,-0.342381,-0.001106
7.531000,-0.311655,-0.426790,0.002203
7.532000,-0.314376,-0.417616,0.004234
7.533000,-0.280380,-0.379604,-0.000960
7.534000,-0.290910,-0.341758,0.002292
7.535000,-0.383289,-0.374374,-0.024676
7.536000,-0.312473,-0.399390,0.000819
7.537000,-0.330526,-0.359061,0.012539
7.538000,-0.343000,-0.354594,-0.002994
7.539000,-0.281986,-0.416116,-0.007870
7.540000,-0.346383,-0.373066,-0.008076
7.541000,-0.256110,-0.304589,0.018723
7.542000,-0.313388,-0.310219,0.014423
7.543000,-0.410020,-0.316386,-0.004573
7.544000,-0.359937,-0.361988,0.019942
7.545000,-0.369201,-0.386698,-0.004506
7.546000,-0.277052,-0.267493,0.000954
7.547000,-0.384000,-0.272718,-0.014275
7.548000,-0.360047,-0.324429,0.001959
7.549000,-0.334775,-0.366404,0.003573
7.550000,-0.299205,-0.338723,0.004475
7.551000,-0.350404,-0.302998,-0.019579
7.552000,-0.263487,-0.297272,-0.003011
7.553000,-0.335552,-0.353761,-0.004439
7.554000,-0.354241,-0.377558,-0.006739
7.555000,-0.347469,-0.310662,0.011743
7.556000,-0.383065,-0.378613,0.001041
7.557000,-0.355234,-0.291922,0.016352
7.558000,-0.350459,-0.362453,0.011923
7.559000,-0.358699,-0.352141,-0.004063
7.560000,-0.327581,-0.345123,-0.019082
7.561000,-0.367387,-0.366333,0.005167
7.562000,-0.419920,-0.351722,0.001936
7.563000,-0.411337,-0.306712,-0.002149
7.564000,-0.402294,-0.362098,-0.002924
7.565000,-0.301048,-0.385807,-0.004535
7.566000,-0.343798,-0.377080,0.010234
7.567000,-0.375322,-0.375652,-0.003203
7.568000,-0.324706,-0.360783,-0.007256
7.569000,-0.366250,-0.358595,0.005737
7.570000,-0.403525,-0.281062,0.006537
7.571000,-0.332585,-0.330099,-0.003374
7.572000,-0.288897,-0.338780,-0.013454
7.573000,-0.320494,-0.395011,0.006584
7.574000,-0.349232,-0.315942,0.004391
7.575000,-0.312688,-0.356055,-0.011707
7.576000,-0.355320,-0.341675,0.006106
7.577000,-0.314487,-0.442982,0.001534
7.578000,-0.300594,-0.379618,-0.015059
7.579000,-0.367661,-0.367889,0.012053
7.580000,-0.307004,-0.384984,-0.009416
7.581000,-0.382111,-0.296290,-0.001525
7.582000,-0.336832,-0.360048,0.023975
7.583000,-0.260757,-0.371608,-0.008695
7.584000,-0.453310,-0.325606,0.005925
7.585000,-0.364186,-0.394908,0.008940
7.586000,-0.279609,-0.418132,0.005726
7.587000,-0.287610,-0.335478,0.003010
7.588000,-0.413171,-0.314154,-0.006170
7.589000,-0.314370,-0.364023,0.020320
7.590000,-0.416241,-0.348542,0.017163
7.591000,-0.302479,-0.379833,-0.006594
7.592000,-0.345864,-0.362666,0.004972
7.593000,-0.398806,-0.311920,-0.002871
7.594000,-0.342659,-0.346570,-0.003326
7.595000,-0.396409,-0.324725,-0.019125
7.596000,-0.282040,-0.357249,0.003940
7.597000,-0.392416,-0.415021,-0.008743
7.598000,-0.264575,-0.364861,0.004361
7.599000,-0.333557,-0.325364,0.008737
7.600000,-0.321459,-0.310830,0.007117
7.601000,-0.320498,-0.351356,-0.005719
7.602000,-0.340731,-0.300207,0.005355
7.603000,-0.294558,-0.370868,0.012113
7.604000,-0.440134,-0.341792,-0.009288
7.605000,-0.355477,-0.407889,-0.008313
7.606000,-0.311960,-0.351272,0.016184
7.607000,-0.329521,-0.365827,0.013549
7.608000,-0.314791,-0.328779,0.003095
7.609000,-0.419550,-0.319154,-0.003613
7.610000,-0.258845,-0.341777,0.001000
7.611000,-0.378570,-0.249465,-0.004911
7.612000,-0.323278,-0.370934,-0.008331
7.613000,-0.397121,-0.353564,-0.000573
7.614000,-0.313624,-0.375159,-0.014996
7.615000,-0.432201,-0.392895,0.008962
7.616000,-0.285955,-0.366344,-0.007228
7.617000,-0.340696,-0.318343,0.008962
7.618000,-0.342284,-0.366869,-0.004319
7.619000,-0.286651,-0.296673,-0.008455
7.620000,-0.367205,-0.324093,-0.015343
7.621000,-0.409906,-0.303375,0.012077
7.622000,-0.346920,-0.379483,-0.004598
7.623000,-0.380164,-0.437065,-0.006147
7.624000,-0.371082,-0.264881,0.001878
7.625000,-0.339178,-0.310858,0.006080
7.626000,-0.408371,-0.380484,0.007015
7.627000,-0.343694,-0.432016,0.023403
7.628000,-0.416568,-0.385313,0.032397
7.629000,-0.324545,-0.418872,0.002922
7.630000,-0.328801,-0.341351,0.002581
7.631000,-0.281026,-0.370091,-0.015737
7.632000,-0.348733,-0.254715,0.001048
7.633000,-0.274239,-0.365043,-0.000946
7.634000,-0.325155,-0.412919,0.021427
7.635000,-0.375404,-0.345371,-0.013088
7.636000,-0.375793,-0.284027,-0.007759
7.637000,-0.358773,-0.426178,-0.007499
7.638000,-0.316481,-0.413261,-0.012890
7.639000,-0.320105,-0.374972,-0.008762
7.640000,-0.311999,-0.306445,-0.001662
7.641000,-0.350506,-0.345283,0.001282
7.642000,-0.373662,-0.313692,0.001736
7.643000,-0.270623,-0.426661,0.015319
7.644000,-0.313041,-0.338391,-0.004155
7.645000,-0.341280,-0.346941,0.014550
7.646000,-0.292175,-0.332624,-0.005204
7.647000,-0.356529,-0.356901,0.001999
7.648000,-0.358421,-0.306529,-0.011081
7.649000,-0.310140,-0.416257,-0.014991
7.650000,-0.359524,-0.320905,0.001757
7.651000,-0.402422,-0.324063,-0.004762
7.652000,-0.343853,-0.363097,-0.001274
7.653000,-0.319269,-0.362482,-0.021489
7.654000,-0.330268,-0.323669,0.002546
7.655000,-0.347999,-0.294593,0.007576
7.656000,-0.374732,-0.289285,-0.013052
7.657000,-0.255302,-0.376532,0.002851
7.658000,-0.387891,-0.367405,-0.004972
7.659000,-0.234112,-0.317461,-0.004295
7.660000,-0.318174,-0.410376,-0.004306
7.661000,-0.329263,-0.332574,0.009427
7.662000,-0.342983,-0.279940,0.000990
7.663000,-0.322786,-0.339275,-0.014415
7.664000,-0.355870,-0.330233,0.000720
7.665000,-0.329335,-0.425572,-0.017391
7.666000,-0.318869,-0.323355,0.001939
7.667000,-0.345666,-0.328781,-0.012022
7.668000,-0.427015,-0.295504,-0.004972
7.669000,-0.406933,-0.378575,0.001613
7.670000,-0.356018,-0.332597,0.003408
7.671000,-0.329474,-0.373957,0.009686
7.672000,-0.425297,-0.379247,0.007809
7.673000,-0.372981,-0.356994,0.006214
7.674000,-0.400979,-0.323453,-0.030143
7.675000,-0.326000,-0.325794,0.000220
7.676000,-0.317786,-0.327646,0.006817
7.677000,-0.341679,-0.325887,-0.011263
7.678000,-0.387804,-0.358706,0.003505
7.679000,-0.433131,-0.332071,0.000273
7.680000,-0.408743,-0.324477,0.012498
7.681000,-0.329968,-0.378659,-0.005395
7.682000,-0.387903,-0.395350,-0.013562
7.683000,-0.343274,-0.291634,0.000187
7.684000,-0.323538,-0.302493,-0.002491
7.685000,-0.330491,-0.304483,0.015261
7.686000,-0.401200,-0.306866,-0.002237
7.687000,-0.295206,-0.403101,-0.000850
7.688000,-0.309067,-0.366216,-0.001888
7.689000,-0.408939,-0.430504,-0.014804
7.690000,-0.342836,-0.320924,0.002983
7.691000,-0.422010,-0.333708,-0.000767
7.692000,-0.336644,-0.240112,-0.006560
7.693000,-0.390850,-0.308974,-0.006225
7.694000,-0.311212,-0.339616,-0.004010
7.695000,-0.274993,-0.332247,-0.009224
7.696000,-0.343639,-0.381536,-0.004764
7.697000,-0.273320,-0.337237,0.013011
7.698000,-0.259233,-0.413339,-0.013006
7.699000,-0.458535,-0.402384,0.004573
7.700000,-0.362870,-0.351624,0.005009
7.701000,-0.301319,-0.320183,-0.006309
7.702000,-0.290798,-0.301107,0.002277
7.703000,-0.331634,-0.371258,-0.008376
7.704000,-0.393795,-0.372639,0.014281
7.705000,-0.314935,-0.335653,0.001955
7.706000,-0.327611,-0.349037,-0.012471
7.707000,-0.340454,-0.349466,-0.000972
7.708000,-0.384847,-0.397150,-0.008118
7.709000,-0.329876,-0.338289,0.005002
7.710000,-0.406040,-0.353698,-0.003309
7.711000,-0.357557,-0.303075,0.014095
7.712000,-0.386203,-0.362692,-0.010307
7.713000,-0.352166,-0.342142,-0.002206
7.714000,-0.354360,-0.332629,-0.000788
7.715000,-0.339356,-0.282885,0.002994
7.716000,-0.388718,-0.346553,0.010893
7.717000,-0.381260,-0.457399,-0.005148
7.718000,-0.327674,-0.330771,-0.002216
7.719000,-0.378328,-0.361270,0.009175
7.720000,-0.378170,-0.404828,-0.010045
7.721000,-0.304529,-0.321560,0.008163
7.722000,-0.276620,-0.374977,0.011689
7.723000,-0.307110,-0.337608,0.014466
7.724000,-0.399938,-0.327171,0.006748
7.725000,-0.376958,-0.344693,0.011804
7.726000,-0.327892,-0.353254,-0.003139
7.727000,-0.255386,-0.325565,-0.016586
7.728000,-0.322972,-0.316570,-0.002824
7.729000,-0.300727,-0.295365,-0.015283
7.730000,-0.317500,-0.390917,0.003952
7.731000,-0.398929,-0.318177,-0.000360
7.732000,-0.415548,-0.260372,0.009768
7.733000,-0.377354,-0.323508,-0.012891
7.734000,-0.378735,-0.287262,-0.020815
7.735000,-0.432208,-0.361886,0.010768
7.736000,-0.361582,-0.311494,0.009370
7.737000,-0.274985,-0.423142,-0.007366
7.738000,-0.343637,-0.367199,-0.004543
7.739000,-0.334337,-0.310674,0.000377
7.740000,-0.307019,-0.314875,-0.005746
7.741000,-0.297477,-0.369956,0.004171
7.742000,-0.341879,-0.372799,-0.004582
7.743000,-0.336932,-0.404441,0.003381
7.744000,-0.411016,-0.355601,0.001022
7.745000,-0.307811,-0.308989,0.001471
7.746000,-0.342155,-0.394026,0.014396
7.747000,-0.413383,-0.304067,0.005793
7.748000,-0.377968,-0.269748,-0.011894
7.749000,-0.431713,-0.326662,0.016196
7.750000,-0.362737,-0.306368,-0.018754
7.751000,-0.376762,-0.292517,-0.006164
7.752000,-0.349009,-0.363847,0.022695
7.753000,-0.414694,-0.367432,-0.011002
7.754000,-0.316099,-0.390045,0.005449
7.755000,-0.377466,-0.387540,-0.009184
7.756000,-0.328992,-0.294141,-0.004357
7.757000,-0.352180,-0.425891,0.004417
7.758000,-0.220946,-0.402895,0.004610
7.759000,-0.321058,-0.429570,0.005518
7.760000,-0.339556,-0.345546,-0.014209
7.761000,-0.378141,-0.388768,0.014531
7.762000,-0.385464,-0.329783,-0.000194
7.763000,-0.355448,-0.337282,0.013333
7.764000,-0.391456,-0.438145,0.003832
7.765000,-0.430963,-0.362562,0.000417
7.766000,-0.325211,-0.348253,0.001557
7.767000,-0.374020,-0.319832,-0.017264
7.768000,-0.290764,-0.405508,-0.011756
7.769000,-0.354562,-0.363999,0.009839
7.770000,-0.350717,-0.238410,-0.006519
7.771000,-0.356780,-0.357839,-0.010483
7.772000,-0.406486,-0.340337,0.017484
7.773000,-0.336549,-0.294482,0.023806
7.774000,-0.394282,-0.370550,-0.002338
7.775000,-0.413781,-0.373492,-0.009266
7.776000,-0.308650,-0.412030,-0.000448
7.777000,-0.244501,-0.285095,-0.012977
7.778000,-0.356676,-0.364677,0.022229
7.779000,-0.357884,-0.372462,0.015569
7.780000,-0.259844,-0.328686,0.008506
7.781000,-0.296967,-0.356918,-0.004417
7.782000,-0.378156,-0.371337,0.013841
7.783000,-0.327470,-0.357145,-0.000273
7.784000,-0.315883,-0.332402,-0.008818
7.785000,-0.315070,-0.345468,-0.011966
7.786000,-0.374846,-0.426742,0.019063
7.787000,-0.313236,-0.346920,0.011918
7.788000,-0.414629,-0.362668,-0.000367
7.789000,-0.360783,-0.359258,0.003755
7.790000,-0.355719,-0.322357,0.009391
7.791000,-0.329816,-0.325401,-0.005649
7.792000,-0.382271,-0.439990,0.005144
7.793000,-0.286865,-0.314036,0.007255
7.794000,-0.340159,-0.319428,-0.005035
7.795000,-0.298348,-0.337429,0.013229
7.796000,-0.243535,-0.350745,-0.008699
7.797000,-0.352517,-0.363140,0.004731
7.798000,-0.320851,-0.401540,-0.000337
7.799000,-0.328069,-0.347188,-0.001217
7.800000,-0.285472,-0.411652,-0.005616
7.801000,-0.387887,-0.414873,-0.009531
7.802000,-0.367492,-0.383622,-0.003196
7.803000,-0.395860,-0.314771,0.007485
7.804000,-0.448844,-0.274757,-0.010415
7.805000,-0.353659,-0.306603,0.006638
7.806000,-0.327106,-0.399360,-0.010102
7.807000,-0.288746,-0.426764,-0.001972
7.808000,-0.339151,-0.344211,0.010898
7.809000,-0.402483,-0.331033,-0.006755
7.810000,-0.316914,-0.362842,0.003479
7.811000,-0.307781,-0.418769,-0.003241
7.812000,-0.392529,-0.335104,0.005649
7.813000,-0.312209,-0.381395,0.005557
7.814000,-0.347271,-0.290718,0.001530
7.815000,-0.403392,-0.367964,0.009705
7.816000,-0.359504,-0.376117,0.012864
7.817000,-0.388790,-0.365736,0.002560
7.818000,-0.372581,-0.411292,-0.001167
7.819000,-0.299693,-0.419192,-0.004052
7.820000,-0.326080,-0.276207,0.000188
7.821000,-0.353577,-0.348452,-0.008864
7.822000,-0.300654,-0.285974,0.007247
7.823000,-0.278126,-0.412624,0.005457
7.824000,-0.369813,-0.387203,0.008722
7.825000,-0.329376,-0.359856,-0.003546
7.826000,-0.388693,-0.272861,-0.005803
7.827000,-0.319828,-0.331741,0.004580
7.828000,-0.331047,-0.407918,0.008121
7.829000,-0.252153,-0.417182,-0.002825
7.830000,-0.443789,-0.341652,0.007827
7.831000,-0.403876,-0.355453,-0.007084
7.832000,-0.288980,-0.425999,0.016894
7.833000,-0.373815,-0.461231,0.004329
7.834000,-0.326383,-0.365797,0.008538
7.835000,-0.386210,-0.343166,0.004042
7.836000,-0.355780,-0.425900,0.005859
7.837000,-0.362994,-0.355549,-0.003498
7.838000,-0.366465,-0.351845,0.016794
7.839000,-0.309665,-0.366573,-0.007902
7.840000,-0.324092,-0.293278,-0.020893
7.841000,-0.341540,-0.316672,-0.002060
7.842000,-0.397447,-0.434602,-0.003896
7.843000,-0.395634,-0.435549,0.003190
7.844000,-0.307261,-0.428946,0.019178
7.845000,-0.410392,-0.385605,-0.011883
7.846000,-0.392977,-0.351535,-0.002670
7.847000,-0.396444,-0.352207,-0.010055
7.848000,-0.385796,-0.347866,-0.012528
7.849000,-0.394895,-0.424341,0.013657
7.850000,-0.320866,-0.282671,0.013746
7.851000,-0.341872,-0.377148,0.004411
7.852000,-0.331366,-0.392478,0.009665
7.853000,-0.295102,-0.376995,-0.008670
7.854000,-0.336026,-0.422575,0.006116
7.855000,-0.356197,-0.326593,-0.011210
7.856000,-0.346117,-0.393388,-0.001165
7.857000,-0.353691,-0.287799,0.002047
7.858000,-0.382760,-0.353945,0.004679
7.859000,-0.341271,-0.425153,0.000643
7.860000,-0.271853,-0.291839,-0.007853
7.861000,-0.280655,-0.344177,0.002153
7.862000,-0.374432,-0.457259,-0.002182
7.863000,-0.342694,-0.312549,0.002066
7.864000,-0.417058,-0.386143,-0.009359
7.865000,-0.426868,-0.305720,-0.007252
7.866000,-0.280197,-0.437454,0.002533
7.867000,-0.309346,-0.432168,-0.000755
7.868000,-0.410346,-0.281950,-0.003862
7.869000,-0.361426,-0.406183,-0.004841
7.870000,-0.318568,-0.339436,0.001007
7.871000,-0.249442,-0.406679,-0.000347
7.872000,-0.409211,-0.426470,-0.003206
7.873000,-0.379427,-0.305572,0.016974
7.874000,-0.221537,-0.276376,-0.005462
7.875000,-0.347532,-0.385499,-0.008766
7.876000,-0.314237,-0.313974,-0.004607
7.877000,-0.294601,-0.367167,0.020887
7.878000,-0.235051,-0.439225,-0.005245
7.879000,-0.348056,-0.273799,0.000300
7.880000,-0.376598,-0.428989,-0.001122
7.881000,-0.356334,-0.370181,0.002016
7.882000,-0.374083,-0.286059,0.002178
7.883000,-0.387901,-0.409123,-0.006809
7.884000,-0.365045,-0.331601,0.012736
7.885000,-0.273696,-0.413496,0.008489
7.886000,-0.360557,-0.453519,-0.002209
7.887000,-0.377510,-0.348983,0.021293
7.888000,-0.291022,-0.443020,-0.011608
7.889000,-0.298526,-0.343230,-0.005813
7.890000,-0.247282,-0.350491,0.002598
7.891000,-0.343842,-0.277062,0.005997
7.892000,-0.362941,-0.367762,-0.004611
7.893000,-0.340382,-0.248195,0.000530
7.894000,-0.313632,-0.404258,0.011749
7.895000,-0.332529,-0.325199,-0.000799
7.896000,-0.360192,-0.394365,-0.010510
7.897000,-0.265807,-0.382351,-0.003704
7.898000,-0.374877,-0.417860,0.002825
7.899000,-0.243715,-0.376554,-0.013635
7.900000,-0.365729,-0.348718,0.001274
7.901000,-0.394525,-0.423917,-0.003023
7.902000,-0.432999,-0.364989,0.003453
7.903000,-0.328855,-0.395894,-0.009097
7.904000,-0.426243,-0.249740,0.000589
7.905000,-0.387790,-0.428214,0.003952
7.906000,-0.350434,-0.307236,0.009238
7.907000,-0.347342,-0.362333,-0.003832
7.908000,-0.271377,-0.502509,0.009023
7.909000,-0.338601,-0.389318,-0.002071
7.910000,-0.341879,-0.392905,0.006890
7.911000,-0.386111,-0.301359,-0.005811
7.912000,-0.376639,-0.384820,0.008172
7.913000,-0.302689,-0.281797,-0.001307
7.914000,-0.317281,-0.321151,0.003936
7.915000,-0.179778,-0.363209,-0.009330
7.916000,-0.274465,-0.345169,-0.009561
7.917000,-0.318345,-0.451260,0.002650
7.918000,-0.401364,-0.361708,0.003535
7.919000,-0.365925,-0.441940,-0.003504
7.920000,-0.326286,-0.254610,-0.011134
7.921000,-0.324945,-0.381000,-0.008091
7.922000,-0.290573,-0.323129,0.012662
7.923000,-0.404294,-0.302870,0.019295
7.924000,-0.335456,-0.334541,-0.009524
7.925000,-0.325819,-0.429677,-0.001416
7.926000,-0.276425,-0.353611,0.004890
7.927000,-0.285526,-0.318620,0.005139
7.928000,-0.336783,-0.384511,-0.013602
7.929000,-0.369042,-0.391695,-0.014144
7.930000,-0.346679,-0.359025,-0.003408
7.931000,-0.288842,-0.337119,-0.012053
7.932000,-0.316046,-0.333235,-0.008217
7.933000,-0.385386,-0.335022,0.007216
7.934000,-0.391743,-0.391582,-0.003626
7.935000,-0.292122,-0.336120,0.011804
7.936000,-0.292852,-0.373080,-0.009295
7.937000,-0.251924,-0.262162,-0.011670
7.938000,-0.368724,-0.281179,0.018751
7.939000,-0.276782,-0.399306,0.007457
7.940000,-0.400929,-0.388760,0.005240
7.941000,-0.355701,-0.269257,-0.005289
7.942000,-0.319266,-0.390684,0.010299
7.943000,-0.316749,-0.338627,0.002380
7.944000,-0.292139,-0.366860,0.019698
7.945000,-0.325208,-0.367601,0.002288
7.946000,-0.354198,-0.387728,-0.001933
7.947000,-0.276328,-0.311143,0.022056
7.948000,-0.438770,-0.395253,-0.006531
7.949000,-0.306304,-0.326447,0.002241
7.950000,-0.322818,-0.355995,0.001703
7.951000,-0.325823,-0.361821,-0.005659
7.952000,-0.359634,-0.371252,-0.018983
7.953000,-0.352337,-0.322311,0.001806
7.954000,-0.458777,-0.412020,-0.011693
7.955000,-0.309614,-0.444275,0.027213
7.956000,-0.300710,-0.281421,-0.005765
7.957000,-0.330876,-0.314940,0.008726
7.958000,-0.420909,-0.294258,0.024572
7.959000,-0.338533,-0.364658,-0.001533
7.960000,-0.324580,-0.331333,0.004599
7.961000,-0.307789,-0.364914,-0.005302
7.962000,-0.366501,-0.416693,-0.007366
7.963000,-0.308731,-0.341208,-0.013693
7.964000,-0.276489,-0.361324,-0.009615
7.965000,-0.262756,-0.389540,-0.016874
7.966000,-0.345205,-0.398240,0.024025
7.967000,-0.387768,-0.390730,0.007575
7.968000,-0.339168,-0.412355,0.009312
7.969000,-0.334370,-0.291332,-0.010078
7.970000,-0.373953,-0.328469,0.006531
7.971000,-0.360438,-0.366961,0.003224
7.972000,-0.384432,-0.325145,-0.011818
7.973000,-0.365824,-0.339495,-0.008388
7.974000,-0.326602,-0.380704,-0.000122
7.975000,-0.385066,-0.346222,0.007951
7.976000,-0.350162,-0.392147,0.008674
7.977000,-0.364394,-0.405785,-0.003083
7.978000,-0.322487,-0.317908,-0.010666
7.979000,-0.346645,-0.389189,0.005313
7.980000,-0.358766,-0.333846,0.011703
7.981000,-0.413590,-0.414571,0.002077
7.982000,-0.292982,-0.357086,-0.005790
7.983000,-0.370338,-0.348907,-0.014346
7.984000,-0.339774,-0.421942,0.003703
7.985000,-0.262625,-0.359076,0.007476
7.986000,-0.299572,-0.366280,-0.007435
7.987000,-0.372518,-0.401235,-0.002079
7.988000,-0.341562,-0.440636,-0.001475
7.989000,-0.333563,-0.346844,-0.000088
7.990000,-0.331603,-0.325871,-0.015821
7.991000,-0.331164,-0.307271,0.000569
7.992000,-0.368070,-0.256587,0.000864
7.993000,-0.426665,-0.424254,-0.006327
7.994000,-0.445856,-0.324841,-0.005521
7.995000,-0.346741,-0.318855,-0.001516
7.996000,-0.417885,-0.437483,-0.013168
7.997000,-0.454893,-0.298915,0.000387
7.998000,-0.300452,-0.349983,-0.016006
7.999000,-0.222608,-0.348638,0.001784
